Workbook
Name ExternalData_1: marche!$A$1:$AA$367
Name ExternalData_1: dados!$A$1:$R$1048
Name ExternalData_2: mambo!$A$1:$AK$499

Sheet dados
A1: Código | B1: Descrição | C1: Departamento | D1: Categoria/Setor | E1: Marca | F1: Famlíia | G1: Código do Fabricante | H1: Código de Barras | I1: SKU Monitorado | J1: Website Monitorado | K1: URL Produto Monitorado | L1: Data | M1: Média Preço Normal | N1: Média Preço Oferta | O1: Leituras | P1: Leituras com disponibilidade | Q1: URL Monitor | R1: Desvio Média Preço % | S1: Marca Target
A2: 1038723 | B2: Café Torrado e Moído Extraforte Pilão Pacote 500g | C2: Alimentos | D2: Básico da despensa | E2: pa | H2: 7896089013399 | I2: 1038723 | J2: www.paodeacucar.com | K2: https://www.paodeacucar.com/produto/292186/cafe-torrado-e-moido-extraforte-pilao-pacote-500g | L2: 46089 | M2: 27.49 | N2: 27.49 | O2: 22 | P2: 22 | Q2: https://monitor.precifica.com.br/index.php/Produtos?act=edit&id=15847066 | R2: 28.4 | S2: =COUNTIF('Marcas Target'!A:A,dados!$E2)>0 -> FALSE
A3: 1038723 | B3: Café Torrado e Moído Extraforte Pilão Pacote 500g | C3: Alimentos | D3: Básico da despensa | E3: pa | H3: 7896089013399 | I3: 1038723 | J3: www.paodeacucar.com | K3: https://www.paodeacucar.com/produto/292186/cafe-torrado-e-moido-extraforte-pilao-pacote-500g | L3: 46088 | M3: 27.49 | N3: 27.49 | O3: 24 | P3: 24 | Q3: https://monitor.precifica.com.br/index.php/Produtos?act=edit&id=15847066 | R3: 28.4 | S3: =COUNTIF('Marcas Target'!A:A,dados!$E3)>0 -> FALSE
A4: 1038723 | B4: Café Torrado e Moído Extraforte Pilão Pacote 500g | C4: Alimentos | D4: Básico da despensa | E4: pa | H4: 7896089013399 | I4: 1038723 | J4: www.paodeacucar.com | K4: https://www.paodeacucar.com/produto/292186/cafe-torrado-e-moido-extraforte-pilao-pacote-500g | L4: 46087 | M4: 27.49 | N4: 27.49 | O4: 24 | P4: 17 | Q4: https://monitor.precifica.com.br/index.php/Produtos?act=edit&id=15847066 | R4: 28.4 | S4: =COUNTIF('Marcas Target'!A:A,dados!$E4)>0 -> FALSE
A5: 0183567 | B5: Café Torrado e Moído Extraforte 3 Corações Pacote 500g | C5: Alimentos | D5: Básico da despensa | E5: pa | H5: 7896005801529 | I5: 0183567 | J5: www.paodeacucar.com | K5: https://www.paodeacucar.com/produto/57156/cafe-torrado-e-moido-extraforte-3-coracoes-pacote-500g | L5: 46089 | M5: 27.99 | N5: 27.99 | O5: 22 | P5: 22 | Q5: https://monitor.precifica.com.br/index.php/Produtos?act=edit&id=15847427 | S5: =COUNTIF('Marcas Target'!A:A,dados!$E5)>0 -> FALSE
A6: 0183567 | B6: Café Torrado e Moído Extraforte 3 Corações Pacote 500g | C6: Alimentos | D6: Básico da despensa | E6: pa | H6: 7896005801529 | I6: 0183567 | J6: www.paodeacucar.com | K6: https://www.paodeacucar.com/produto/57156/cafe-torrado-e-moido-extraforte-3-coracoes-pacote-500g | L6: 46088 | M6: 27.99 | N6: 27.99 | O6: 24 | P6: 23 | Q6: https://monitor.precifica.com.br/index.php/Produtos?act=edit&id=15847427 | S6: =COUNTIF('Marcas Target'!A:A,dados!$E6)>0 -> FALSE
A7: 0183567 | B7: Café Torrado e Moído Extraforte 3 Corações Pacote 500g | C7: Alimentos | D7: Básico da despensa | E7: pa | H7: 7896005801529 | I7: 0183567 | J7: www.paodeacucar.com | K7: https://www.paodeacucar.com/produto/57156/cafe-torrado-e-moido-extraforte-3-coracoes-pacote-500g | L7: 46087 | M7: 27.99 | N7: 27.99 | O7: 24 | P7: 23 | Q7: https://monitor.precifica.com.br/index.php/Produtos?act=edit&id=15847427 | S7: =COUNTIF('Marcas Target'!A:A,dados!$E7)>0 -> FALSE
A8: 0590655 | B8: Café Torrado e Moído Tradicional 3 Corações Pacote 500g | C8: Alimentos | D8: Básico da despensa | E8: pa | H8: 7896005800010 | I8: 0590655 | J8: www.paodeacucar.com | K8: https://www.paodeacucar.com/produto/82810/cafe-torrado-e-moido-tradicional-3-coracoes-pacote-500g | L8: 46089 | M8: 27.99 | N8: 27.99 | O8: 22 | P8: 22 | Q8: https://monitor.precifica.com.br/index.php/Produtos?act=edit&id=15847426 | S8: =COUNTIF('Marcas Target'!A:A,dados!$E8)>0 -> FALSE
A9: 0590655 | B9: Café Torrado e Moído Tradicional 3 Corações Pacote 500g | C9: Alimentos | D9: Básico da despensa | E9: pa | H9: 7896005800010 | I9: 0590655 | J9: www.paodeacucar.com | K9: https://www.paodeacucar.com/produto/82810/cafe-torrado-e-moido-tradicional-3-coracoes-pacote-500g | L9: 46088 | M9: 27.99 | N9: 27.99 | O9: 24 | P9: 24 | Q9: https://monitor.precifica.com.br/index.php/Produtos?act=edit&id=15847426 | S9: =COUNTIF('Marcas Target'!A:A,dados!$E9)>0 -> FALSE
A10: 0590655 | B10: Café Torrado e Moído Tradicional 3 Corações Pacote 500g | C10: Alimentos | D10: Básico da despensa | E10: pa | H10: 7896005800010 | I10: 0590655 | J10: www.paodeacucar.com | K10: https://www.paodeacucar.com/produto/82810/cafe-torrado-e-moido-tradicional-3-coracoes-pacote-500g | L10: 46087 | M10: 29.9 | N10: 29.9 | O10: 24 | P10: 22 | Q10: https://monitor.precifica.com.br/index.php/Produtos?act=edit&id=15847426 | S10: =COUNTIF('Marcas Target'!A:A,dados!$E10)>0 -> FALSE
A11: 0463478 | B11: Café Torrado e Moído a Vácuo Tradicional 3 Corações Pacote 500g | C11: Alimentos | D11: Básico da despensa | E11: pa | H11: 7896005800188 | I11: 0463478 | J11: www.paodeacucar.com | K11: https://www.paodeacucar.com/produto/101961 | L11: 46089 | M11: 27.99 | N11: 27.99 | O11: 22 | P11: 12 | Q11: https://monitor.precifica.com.br/index.php/Produtos?act=edit&id=15847436 | S11: =COUNTIF('Marcas Target'!A:A,dados!$E11)>0 -> FALSE
A12: 0463478 | B12: Café Torrado e Moído a Vácuo Tradicional 3 Corações Pacote 500g | C12: Alimentos | D12: Básico da despensa | E12: pa | H12: 7896005800188 | I12: 0463478 | J12: www.paodeacucar.com | K12: https://www.paodeacucar.com/produto/101961 | L12: 46088 | M12: 27.99 | N12: 27.99 | O12: 24 | P12: 11 | Q12: https://monitor.precifica.com.br/index.php/Produtos?act=edit&id=15847436 | S12: =COUNTIF('Marcas Target'!A:A,dados!$E12)>0 -> FALSE
A13: 0463478 | B13: Café Torrado e Moído a Vácuo Tradicional 3 Corações Pacote 500g | C13: Alimentos | D13: Básico da despensa | E13: pa | H13: 7896005800188 | I13: 0463478 | J13: www.paodeacucar.com | K13: https://www.paodeacucar.com/produto/101961 | L13: 46087 | M13: 31.67 | N13: 31.67 | O13: 24 | P13: 19 | Q13: https://monitor.precifica.com.br/index.php/Produtos?act=edit&id=15847436 | S13: =COUNTIF('Marcas Target'!A:A,dados!$E13)>0 -> FALSE
A14: 1038722 | B14: Café Torrado e Moído a Vácuo Extraforte Pilão Pacote 500g | C14: Alimentos | D14: Básico da despensa | E14: pa | H14: 7896089013405 | I14: 1038722 | J14: www.paodeacucar.com | K14: https://www.paodeacucar.com/produto/292183/cafe-torrado-e-moido-a-vacuo-extraforte-pilao-pacote-500g | L14: 46089 | M14: 27.49 | N14: 27.49 | O14: 22 | P14: 22 | Q14: https://monitor.precifica.com.br/index.php/Produtos?act=edit&id=15969083 | R14: 28.4 | S14: =COUNTIF('Marcas Target'!A:A,dados!$E14)>0 -> FALSE
A15: 1038722 | B15: Café Torrado e Moído a Vácuo Extraforte Pilão Pacote 500g | C15: Alimentos | D15: Básico da despensa | E15: pa | H15: 7896089013405 | I15: 1038722 | J15: www.paodeacucar.com | K15: https://www.paodeacucar.com/produto/292183/cafe-torrado-e-moido-a-vacuo-extraforte-pilao-pacote-500g | L15: 46088 | M15: 27.49 | N15: 27.49 | O15: 24 | P15: 24 | Q15: https://monitor.precifica.com.br/index.php/Produtos?act=edit&id=15969083 | R15: 28.4 | S15: =COUNTIF('Marcas Target'!A:A,dados!$E15)>0 -> FALSE
A16: 1038722 | B16: Café Torrado e Moído a Vácuo Extraforte Pilão Pacote 500g | C16: Alimentos | D16: Básico da despensa | E16: pa | H16: 7896089013405 | I16: 1038722 | J16: www.paodeacucar.com | K16: https://www.paodeacucar.com/produto/292183/cafe-torrado-e-moido-a-vacuo-extraforte-pilao-pacote-500g | L16: 46087 | M16: 28.44 | N16: 28.44 | O16: 24 | P16: 20 | Q16: https://monitor.precifica.com.br/index.php/Produtos?act=edit&id=15969083 | R16: 32.84 | S16: =COUNTIF('Marcas Target'!A:A,dados!$E16)>0 -> FALSE
A17: 0798341 | B17: Café Solúvel NESCAFÉ Matinal 100g | C17: Alimentos | D17: Básico da despensa | E17: pa | H17: 7891000315507 | I17: 0798341 | J17: www.paodeacucar.com | K17: https://www.paodeacucar.com/produto/137096/cafe-soluvel-nescafe-matinal-100g | L17: 46089 | M17: 27.19 | N17: 27.19 | O17: 22 | P17: 22 | Q17: https://monitor.precifica.com.br/index.php/Produtos?act=edit&id=15969023 | S17: =COUNTIF('Marcas Target'!A:A,dados!$E17)>0 -> FALSE
A18: 0798341 | B18: Café Solúvel NESCAFÉ Matinal 100g | C18: Alimentos | D18: Básico da despensa | E18: pa | H18: 7891000315507 | I18: 0798341 | J18: www.paodeacucar.com | K18: https://www.paodeacucar.com/produto/137096/cafe-soluvel-nescafe-matinal-100g | L18: 46088 | M18: 31.62 | N18: 31.62 | O18: 24 | P18: 23 | Q18: https://monitor.precifica.com.br/index.php/Produtos?act=edit&id=15969023 | S18: =COUNTIF('Marcas Target'!A:A,dados!$E18)>0 -> FALSE
A19: 0798341 | B19: Café Solúvel NESCAFÉ Matinal 100g | C19: Alimentos | D19: Básico da despensa | E19: pa | H19: 7891000315507 | I19: 0798341 | J19: www.paodeacucar.com | K19: https://www.paodeacucar.com/produto/137096/cafe-soluvel-nescafe-matinal-100g | L19: 46087 | M19: 30.31 | N19: 30.31 | O19: 24 | P19: 24 | Q19: https://monitor.precifica.com.br/index.php/Produtos?act=edit&id=15969023 | S19: =COUNTIF('Marcas Target'!A:A,dados!$E19)>0 -> FALSE
A20: 0250672 | B20: Café Solúvel Granulado Extraforte Nescafé Original Vidro 100g | C20: Alimentos | D20: Básico da despensa | E20: pa | H20: 7891000300503 | I20: 0250672 | J20: www.paodeacucar.com | K20: https://www.paodeacucar.com/produto/152381/cafe-soluvel-granulado-extraforte-nescafe-original-vidro-100g | L20: 46089 | M20: 27.19 | N20: 27.19 | O20: 22 | P20: 22 | Q20: https://monitor.precifica.com.br/index.php/Produtos?act=edit&id=15968936 | S20: =COUNTIF('Marcas Target'!A:A,dados!$E20)>0 -> FALSE
A21: 0250672 | B21: Café Solúvel Granulado Extraforte Nescafé Original Vidro 100g | C21: Alimentos | D21: Básico da despensa | E21: pa | H21: 7891000300503 | I21: 0250672 | J21: www.paodeacucar.com | K21: https://www.paodeacucar.com/produto/152381/cafe-soluvel-granulado-extraforte-nescafe-original-vidro-100g | L21: 46088 | M21: 31.16 | N21: 31.16 | O21: 24 | P21: 24 | Q21: https://monitor.precifica.com.br/index.php/Produtos?act=edit&id=15968936 | S21: =COUNTIF('Marcas Target'!A:A,dados!$E21)>0 -> FALSE
A22: 0250672 | B22: Café Solúvel Granulado Extraforte Nescafé Original Vidro 100g | C22: Alimentos | D22: Básico da despensa | E22: pa | H22: 7891000300503 | I22: 0250672 | J22: www.paodeacucar.com | K22: https://www.paodeacucar.com/produto/152381/cafe-soluvel-granulado-extraforte-nescafe-original-vidro-100g | L22: 46087 | M22: 30.44 | N22: 30.44 | O22: 24 | P22: 23 | Q22: https://monitor.precifica.com.br/index.php/Produtos?act=edit&id=15968936 | S22: =COUNTIF('Marcas Target'!A:A,dados!$E22)>0 -> FALSE
A23: 0561495 | B23: Café Torrado e Moído Tradicional Melitta Caixa 500g | C23: Alimentos | D23: Básico da despensa | E23: pa | H23: 7891021006125 | I23: 0561495 | J23: www.paodeacucar.com | K23: https://www.paodeacucar.com/produto/37565/cafe-torrado-e-moido-tradicional-melitta-caixa-500g | L23: 46089 | M23: 38.99 | N23: 38.99 | O23: 22 | P23: 11 | Q23: https://monitor.precifica.com.br/index.php/Produtos?act=edit&id=15968989 | S23: =COUNTIF('Marcas Target'!A:A,dados!$E23)>0 -> FALSE
A24: 0561495 | B24: Café Torrado e Moído Tradicional Melitta Caixa 500g | C24: Alimentos | D24: Básico da despensa | E24: pa | H24: 7891021006125 | I24: 0561495 | J24: www.paodeacucar.com | K24: https://www.paodeacucar.com/produto/37565/cafe-torrado-e-moido-tradicional-melitta-caixa-500g | L24: 46088 | M24: 38.99 | N24: 38.99 | O24: 24 | P24: 15 | Q24: https://monitor.precifica.com.br/index.php/Produtos?act=edit&id=15968989 | S24: =COUNTIF('Marcas Target'!A:A,dados!$E24)>0 -> FALSE
A25: 0561495 | B25: Café Torrado e Moído Tradicional Melitta Caixa 500g | C25: Alimentos | D25: Básico da despensa | E25: pa | H25: 7891021006125 | I25: 0561495 | J25: www.paodeacucar.com | K25: https://www.paodeacucar.com/produto/37565/cafe-torrado-e-moido-tradicional-melitta-caixa-500g | L25: 46087 | M25: 38.99 | N25: 38.99 | O25: 24 | P25: 13 | Q25: https://monitor.precifica.com.br/index.php/Produtos?act=edit&id=15968989 | S25: =COUNTIF('Marcas Target'!A:A,dados!$E25)>0 -> FALSE
A26: 1042369 | B26: Café em Cápsula Torrado e Moído Espresso Vibrante Tres Caixa 80g 10 Unidades | C26: Alimentos | D26: Básico da despensa | E26: pa | H26: 7896005805015 | I26: 1042369 | J26: www.paodeacucar.com | K26: https://www.paodeacucar.com/produto/302325/cafe-em-capsula-torrado-e-moido-espresso-vibrante-tres-caixa-80g-10-unidades | L26: 46089 | M26: 26.99 | N26: 26.99 | O26: 22 | P26: 11 | Q26: https://monitor.precifica.com.br/index.php/Produtos?act=edit&id=15969093 | R26: 50.03 | S26: =COUNTIF('Marcas Target'!A:A,dados!$E26)>0 -> FALSE
A27: 1042369 | B27: Café em Cápsula Torrado e Moído Espresso Vibrante Tres Caixa 80g 10 Unidades | C27: Alimentos | D27: Básico da despensa | E27: pa | H27: 7896005805015 | I27: 1042369 | J27: www.paodeacucar.com | K27: https://www.paodeacucar.com/produto/302325/cafe-em-capsula-torrado-e-moido-espresso-vibrante-tres-caixa-80g-10-unidades | L27: 46088 | M27: 26.99 | N27: 26.99 | O27: 24 | P27: 19 | Q27: https://monitor.precifica.com.br/index.php/Produtos?act=edit&id=15969093 | R27: 50.03 | S27: =COUNTIF('Marcas Target'!A:A,dados!$E27)>0 -> FALSE
A28: 1042369 | B28: Café em Cápsula Torrado e Moído Espresso Vibrante Tres Caixa 80g 10 Unidades | C28: Alimentos | D28: Básico da despensa | E28: pa | H28: 7896005805015 | I28: 1042369 | J28: www.paodeacucar.com | K28: https://www.paodeacucar.com/produto/302325/cafe-em-capsula-torrado-e-moido-espresso-vibrante-tres-caixa-80g-10-unidades | L28: 46087 | M28: 26.99 | N28: 26.99 | O28: 24 | P28: 9 | Q28: https://monitor.precifica.com.br/index.php/Produtos?act=edit&id=15969093 | R28: 50.03 | S28: =COUNTIF('Marcas Target'!A:A,dados!$E28)>0 -> FALSE
A29: 1042366 | B29: Café em Cápsula Torrado e Moído Espresso Supremo 3 Corações Caixa 10 Unidades 8g Cada | C29: Alimentos | D29: Básico da despensa | E29: pa | H29: 7896005805008 | I29: 1042366 | J29: www.paodeacucar.com | K29: https://www.paodeacucar.com/produto/297372/cafe-em-capsula-torrado-e-moido-espresso-supremo-3-coracoes-caixa-10-unidades-8g-cada | L29: 46089 | M29: 26.99 | N29: 26.99 | O29: 22 | P29: 16 | Q29: https://monitor.precifica.com.br/index.php/Produtos?act=edit&id=15969091 | R29: 50.03 | S29: =COUNTIF('Marcas Target'!A:A,dados!$E29)>0 -> FALSE
A30: 1042366 | B30: Café em Cápsula Torrado e Moído Espresso Supremo 3 Corações Caixa 10 Unidades 8g Cada | C30: Alimentos | D30: Básico da despensa | E30: pa | H30: 7896005805008 | I30: 1042366 | J30: www.paodeacucar.com | K30: https://www.paodeacucar.com/produto/297372/cafe-em-capsula-torrado-e-moido-espresso-supremo-3-coracoes-caixa-10-unidades-8g-cada | L30: 46088 | M30: 26.99 | N30: 26.99 | O30: 24 | P30: 18 | Q30: https://monitor.precifica.com.br/index.php/Produtos?act=edit&id=15969091 | R30: 50.03 | S30: =COUNTIF('Marcas Target'!A:A,dados!$E30)>0 -> FALSE
A31: 1042366 | B31: Café em Cápsula Torrado e Moído Espresso Supremo 3 Corações Caixa 10 Unidades 8g Cada | C31: Alimentos | D31: Básico da despensa | E31: pa | H31: 7896005805008 | I31: 1042366 | J31: www.paodeacucar.com | K31: https://www.paodeacucar.com/produto/297372/cafe-em-capsula-torrado-e-moido-espresso-supremo-3-coracoes-caixa-10-unidades-8g-cada | L31: 46087 | M31: 23.96 | N31: 23.96 | O31: 24 | P31: 7 | Q31: https://monitor.precifica.com.br/index.php/Produtos?act=edit&id=15969091 | R31: 33.19 | S31: =COUNTIF('Marcas Target'!A:A,dados!$E31)>0 -> FALSE
A32: 1042611 | B32: Café em Cápsula Torrado e Moído Espresso Descafeinado Tres Caixa 80g 10 Unidades | C32: Alimentos | D32: Básico da despensa | E32: pa | H32: 7896005805022 | I32: 1042611 | J32: www.paodeacucar.com | K32: https://www.paodeacucar.com/produto/302305/cafe-em-capsula-torrado-e-moido-espresso-descafeinado-tres-caixa-80g-10-unidades | L32: 46089 | M32: 26.99 | N32: 26.99 | O32: 22 | P32: 22 | Q32: https://monitor.precifica.com.br/index.php/Produtos?act=edit&id=15969097 | R32: 50.03 | S32: =COUNTIF('Marcas Target'!A:A,dados!$E32)>0 -> FALSE
A33: 1042611 | B33: Café em Cápsula Torrado e Moído Espresso Descafeinado Tres Caixa 80g 10 Unidades | C33: Alimentos | D33: Básico da despensa | E33: pa | H33: 7896005805022 | I33: 1042611 | J33: www.paodeacucar.com | K33: https://www.paodeacucar.com/produto/302305/cafe-em-capsula-torrado-e-moido-espresso-descafeinado-tres-caixa-80g-10-unidades | L33: 46088 | M33: 26.99 | N33: 26.99 | O33: 24 | P33: 24 | Q33: https://monitor.precifica.com.br/index.php/Produtos?act=edit&id=15969097 | R33: 50.03 | S33: =COUNTIF('Marcas Target'!A:A,dados!$E33)>0 -> FALSE
A34: 1042611 | B34: Café em Cápsula Torrado e Moído Espresso Descafeinado Tres Caixa 80g 10 Unidades | C34: Alimentos | D34: Básico da despensa | E34: pa | H34: 7896005805022 | I34: 1042611 | J34: www.paodeacucar.com | K34: https://www.paodeacucar.com/produto/302305/cafe-em-capsula-torrado-e-moido-espresso-descafeinado-tres-caixa-80g-10-unidades | L34: 46087 | M34: 26.99 | N34: 26.99 | O34: 24 | P34: 24 | Q34: https://monitor.precifica.com.br/index.php/Produtos?act=edit&id=15969097 | R34: 50.03 | S34: =COUNTIF('Marcas Target'!A:A,dados!$E34)>0 -> FALSE
A35: 1042367 | B35: Café em Cápsula Torrado e Moído Espresso Pleno Tres Caixa 80g 10 Unidades | C35: Alimentos | D35: Básico da despensa | E35: pa | H35: 7896005804995 | I35: 1042367 | J35: www.paodeacucar.com | K35: https://www.paodeacucar.com/produto/302245/cafe-em-capsula-torrado-e-moido-espresso-pleno-tres-caixa-80g-10-unidades | L35: 46089 | M35: 26.99 | N35: 26.99 | O35: 22 | P35: 12 | Q35: https://monitor.precifica.com.br/index.php/Produtos?act=edit&id=15969092 | R35: 50.03 | S35: =COUNTIF('Marcas Target'!A:A,dados!$E35)>0 -> FALSE
A36: 1042367 | B36: Café em Cápsula Torrado e Moído Espresso Pleno Tres Caixa 80g 10 Unidades | C36: Alimentos | D36: Básico da despensa | E36: pa | H36: 7896005804995 | I36: 1042367 | J36: www.paodeacucar.com | K36: https://www.paodeacucar.com/produto/302245/cafe-em-capsula-torrado-e-moido-espresso-pleno-tres-caixa-80g-10-unidades | L36: 46088 | M36: 26.99 | N36: 26.99 | O36: 24 | P36: 19 | Q36: https://monitor.precifica.com.br/index.php/Produtos?act=edit&id=15969092 | R36: 50.03 | S36: =COUNTIF('Marcas Target'!A:A,dados!$E36)>0 -> FALSE
A37: 1042367 | B37: Café em Cápsula Torrado e Moído Espresso Pleno Tres Caixa 80g 10 Unidades | C37: Alimentos | D37: Básico da despensa | E37: pa | H37: 7896005804995 | I37: 1042367 | J37: www.paodeacucar.com | K37: https://www.paodeacucar.com/produto/302245/cafe-em-capsula-torrado-e-moido-espresso-pleno-tres-caixa-80g-10-unidades | L37: 46087 | M37: 24.31 | N37: 24.31 | O37: 24 | P37: 5 | Q37: https://monitor.precifica.com.br/index.php/Produtos?act=edit&id=15969092 | R37: 35.13 | S37: =COUNTIF('Marcas Target'!A:A,dados!$E37)>0 -> FALSE
... A40: 1076459 | B40: Café Torrado e Moído Tradicional MELITTA Pacote 500g | C40: Alimentos | D40: Básico da despensa | E40: pa | H40: 7891021005043 | I40: 1076459 | J40: www.paodeacucar.com | K40: https://www.paodeacucar.com/produto/322383/cafe-torrado-e-moido-tradicional-melitta-pacote-500g | L40: 46087 | M40: 38.99 | N40: 38.99 | O40: 24 | P40: 23 | Q40: https://monitor.precifica.com.br/index.php/Produtos?act=edit&id=15969161 | R40: 94.37 | S40: =COUNTIF('Marcas Target'!A:A,dados!$E40)>0 -> FALSE
A41: 1130391 | B41: Café em Cápsula Torrado e Moído Lungo Espresso L\'or Caixa 52g 10 Unidades | C41: Alimentos | D41: Básico da despensa | E41: pa | H41: 7896089088335 | I41: 1130391 | J41: www.paodeacucar.com | K41: https://www.paodeacucar.com/produto/389387/cafe-em-capsula-torrado-e-moido-lungo-espresso-lor-caixa-52g-10-unidades | L41: 46089 | M41: 30.99 | N41: 30.99 | O41: 22 | P41: 22 | Q41: https://monitor.precifica.com.br/index.php/Produtos?act=edit&id=15969277 | S41: =COUNTIF('Marcas Target'!A:A,dados!$E41)>0 -> FALSE
A42: 1130391 | B42: Café em Cápsula Torrado e Moído Lungo Espresso L\'or Caixa 52g 10 Unidades | C42: Alimentos | D42: Básico da despensa | E42: pa | H42: 7896089088335 | I42: 1130391 | J42: www.paodeacucar.com | K42: https://www.paodeacucar.com/produto/389387/cafe-em-capsula-torrado-e-moido-lungo-espresso-lor-caixa-52g-10-unidades | L42: 46088 | M42: 30.99 | N42: 30.99 | O42: 24 | P42: 24 | Q42: https://monitor.precifica.com.br/index.php/Produtos?act=edit&id=15969277 | S42: =COUNTIF('Marcas Target'!A:A,dados!$E42)>0 -> FALSE
A43: 1130391 | B43: Café em Cápsula Torrado e Moído Lungo Espresso L\'or Caixa 52g 10 Unidades | C43: Alimentos | D43: Básico da despensa | E43: pa | H43: 7896089088335 | I43: 1130391 | J43: www.paodeacucar.com | K43: https://www.paodeacucar.com/produto/389387/cafe-em-capsula-torrado-e-moido-lungo-espresso-lor-caixa-52g-10-unidades | L43: 46087 | M43: 30.99 | N43: 30.99 | O43: 24 | P43: 23 | Q43: https://monitor.precifica.com.br/index.php/Produtos?act=edit&id=15969277 | S43: =COUNTIF('Marcas Target'!A:A,dados!$E43)>0 -> FALSE
A44: 2013992 | B44: Café Pilão Torrado E Moído Tradicional Vácuo 250g | C44: Alimentos | D44: Básico da despensa | E44: pa | H44: 7896089012637 | I44: 2013992 | J44: www.paodeacucar.com | K44: https://www.paodeacucar.com/produto/62387 | L44: 46089 | M44: 27.99 | N44: 27.99 | O44: 22 | P44: 22 | Q44: https://monitor.precifica.com.br/index.php/Produtos?act=edit&id=15969376 | S44: =COUNTIF('Marcas Target'!A:A,dados!$E44)>0 -> FALSE
A45: 2013992 | B45: Café Pilão Torrado E Moído Tradicional Vácuo 250g | C45: Alimentos | D45: Básico da despensa | E45: pa | H45: 7896089012637 | I45: 2013992 | J45: www.paodeacucar.com | K45: https://www.paodeacucar.com/produto/62387 | L45: 46088 | M45: 27.99 | N45: 27.99 | O45: 24 | P45: 24 | Q45: https://monitor.precifica.com.br/index.php/Produtos?act=edit&id=15969376 | S45: =COUNTIF('Marcas Target'!A:A,dados!$E45)>0 -> FALSE
A46: 2013992 | B46: Café Pilão Torrado E Moído Tradicional Vácuo 250g | C46: Alimentos | D46: Básico da despensa | E46: pa | H46: 7896089012637 | I46: 2013992 | J46: www.paodeacucar.com | K46: https://www.paodeacucar.com/produto/62387 | L46: 46087 | M46: 27.99 | N46: 27.99 | O46: 24 | P46: 23 | Q46: https://monitor.precifica.com.br/index.php/Produtos?act=edit&id=15969376 | S46: =COUNTIF('Marcas Target'!A:A,dados!$E46)>0 -> FALSE
A47: 3347201 | B47: Café Solúvel Granulado Forte Nescafé Tradição Vidro 100g | C47: Alimentos | D47: Básico da despensa | E47: pa | H47: 7891000029329 | I47: 3347201 | J47: www.paodeacucar.com | K47: https://www.paodeacucar.com/produto/159455/cafe-soluvel-granulado-forte-nescafe-tradicao-vidro-100g | L47: 46089 | M47: 27.19 | N47: 27.19 | O47: 22 | P47: 7 | Q47: https://monitor.precifica.com.br/index.php/Produtos?act=edit&id=15969419 | S47: =COUNTIF('Marcas Target'!A:A,dados!$E47)>0 -> FALSE
A48: 3347201 | B48: Café Solúvel Granulado Forte Nescafé Tradição Vidro 100g | C48: Alimentos | D48: Básico da despensa | E48: pa | H48: 7891000029329 | I48: 3347201 | J48: www.paodeacucar.com | K48: https://www.paodeacucar.com/produto/159455/cafe-soluvel-granulado-forte-nescafe-tradicao-vidro-100g | L48: 46088 | M48: 32.2 | N48: 32.2 | O48: 24 | P48: 19 | Q48: https://monitor.precifica.com.br/index.php/Produtos?act=edit&id=15969419 | S48: =COUNTIF('Marcas Target'!A:A,dados!$E48)>0 -> FALSE
A49: 3347201 | B49: Café Solúvel Granulado Forte Nescafé Tradição Vidro 100g | C49: Alimentos | D49: Básico da despensa | E49: pa | H49: 7891000029329 | I49: 3347201 | J49: www.paodeacucar.com | K49: https://www.paodeacucar.com/produto/159455/cafe-soluvel-granulado-forte-nescafe-tradicao-vidro-100g | L49: 46087 | M49: 30.75 | N49: 30.75 | O49: 24 | P49: 21 | Q49: https://monitor.precifica.com.br/index.php/Produtos?act=edit&id=15969419 | S49: =COUNTIF('Marcas Target'!A:A,dados!$E49)>0 -> FALSE
A50: 0250719 | B50: Café Torrado e Moído Tradicional Pilão Pacote 500g | C50: Alimentos | D50: Básico da despensa | E50: Pilão | H50: 7896089012019 | I50: 0250719 | J50: www.paodeacucar.com | K50: https://www.paodeacucar.com/produto/152052/cafe-torrado-e-moido-tradicional-pilao-pacote-500g | L50: 46089 | M50: 27.49 | N50: 27.49 | O50: 22 | P50: 21 | Q50: https://monitor.precifica.com.br/index.php/Produtos?act=edit&id=18681088 | S50: =COUNTIF('Marcas Target'!A:A,dados!$E50)>0 -> FALSE
A51: 0250719 | B51: Café Torrado e Moído Tradicional Pilão Pacote 500g | C51: Alimentos | D51: Básico da despensa | E51: Pilão | H51: 7896089012019 | I51: 0250719 | J51: www.paodeacucar.com | K51: https://www.paodeacucar.com/produto/152052/cafe-torrado-e-moido-tradicional-pilao-pacote-500g | L51: 46088 | M51: 27.49 | N51: 27.49 | O51: 24 | P51: 24 | Q51: https://monitor.precifica.com.br/index.php/Produtos?act=edit&id=18681088 | S51: =COUNTIF('Marcas Target'!A:A,dados!$E51)>0 -> FALSE
A52: 0250719 | B52: Café Torrado e Moído Tradicional Pilão Pacote 500g | C52: Alimentos | D52: Básico da despensa | E52: Pilão | H52: 7896089012019 | I52: 0250719 | J52: www.paodeacucar.com | K52: https://www.paodeacucar.com/produto/152052/cafe-torrado-e-moido-tradicional-pilao-pacote-500g | L52: 46087 | M52: 29.07 | N52: 29.07 | O52: 24 | P52: 24 | Q52: https://monitor.precifica.com.br/index.php/Produtos?act=edit&id=18681088 | S52: =COUNTIF('Marcas Target'!A:A,dados!$E52)>0 -> FALSE
... A55: 4043447 | B55: Café Torrado e Moído a Vácuo Extraforte 3 Corações Pacote 500g | C55: Alimentos | D55: Básico da despensa | E55: pa | H55: 7896005801826 | I55: 4043447 | J55: www.paodeacucar.com | K55: https://www.paodeacucar.com/produto/47882/cafe-torrado-e-moido-a-vacuo-extraforte-3-coracoes-pacote-500g | L55: 46087 | M55: 31.17 | N55: 31.17 | O55: 24 | P55: 22 | Q55: https://monitor.precifica.com.br/index.php/Produtos?act=edit&id=15969460 | S55: =COUNTIF('Marcas Target'!A:A,dados!$E55)>0 -> FALSE
A56: 5682805 | B56: Café Torrado e Moído Melitta Sabor da Fazenda Caixa 500g | E56: Melitta | H56: 7891021005517 | I56: 5682805 | J56: www.paodeacucar.com | K56: https://www.paodeacucar.com/produto/169573/cafe-torrado-e-moido-melitta-sabor-da-fazenda-caixa-500g | L56: 46089 | M56: 41.99 | N56: 41.99 | O56: 22 | P56: 22 | Q56: https://monitor.precifica.com.br/index.php/Produtos?act=edit&id=19098958 | S56: =COUNTIF('Marcas Target'!A:A,dados!$E56)>0 -> FALSE
A57: 5682805 | B57: Café Torrado e Moído Melitta Sabor da Fazenda Caixa 500g | E57: Melitta | H57: 7891021005517 | I57: 5682805 | J57: www.paodeacucar.com | K57: https://www.paodeacucar.com/produto/169573/cafe-torrado-e-moido-melitta-sabor-da-fazenda-caixa-500g | L57: 46088 | M57: 41.99 | N57: 41.99 | O57: 24 | P57: 24 | Q57: https://monitor.precifica.com.br/index.php/Produtos?act=edit&id=19098958 | S57: =COUNTIF('Marcas Target'!A:A,dados!$E57)>0 -> FALSE
A58: 5682805 | B58: Café Torrado e Moído Melitta Sabor da Fazenda Caixa 500g | E58: Melitta | H58: 7891021005517 | I58: 5682805 | J58: www.paodeacucar.com | K58: https://www.paodeacucar.com/produto/169573/cafe-torrado-e-moido-melitta-sabor-da-fazenda-caixa-500g | L58: 46087 | M58: 41.99 | N58: 41.99 | O58: 3 | P58: 2 | Q58: https://monitor.precifica.com.br/index.php/Produtos?act=edit&id=19098958 | S58: =COUNTIF('Marcas Target'!A:A,dados!$E58)>0 -> FALSE
A59: 1148942 | B59: Café em Cápsula Torrado e Moído Espresso Fortíssimo Pilão Caixa 52g 10 Unidades | C59: Alimentos | D59: Básico da despensa | E59: Pilão | H59: 7896089088410 | I59: 1148942 | J59: www.paodeacucar.com | K59: https://www.paodeacucar.com/produto/411988/cafe-em-capsula-torrado-e-moido-espresso-fortissimo-pilao-caixa-52g-10-unidades | L59: 46089 | M59: 24.99 | N59: 24.99 | O59: 22 | P59: 22 | Q59: https://monitor.precifica.com.br/index.php/Produtos?act=edit&id=19098959 | S59: =COUNTIF('Marcas Target'!A:A,dados!$E59)>0 -> FALSE
A60: 1148942 | B60: Café em Cápsula Torrado e Moído Espresso Fortíssimo Pilão Caixa 52g 10 Unidades | C60: Alimentos | D60: Básico da despensa | E60: Pilão | H60: 7896089088410 | I60: 1148942 | J60: www.paodeacucar.com | K60: https://www.paodeacucar.com/produto/411988/cafe-em-capsula-torrado-e-moido-espresso-fortissimo-pilao-caixa-52g-10-unidades | L60: 46088 | M60: 24.99 | N60: 24.99 | O60: 24 | P60: 24 | Q60: https://monitor.precifica.com.br/index.php/Produtos?act=edit&id=19098959 | S60: =COUNTIF('Marcas Target'!A:A,dados!$E60)>0 -> FALSE
A61: 1148942 | B61: Café em Cápsula Torrado e Moído Espresso Fortíssimo Pilão Caixa 52g 10 Unidades | C61: Alimentos | D61: Básico da despensa | E61: Pilão | H61: 7896089088410 | I61: 1148942 | J61: www.paodeacucar.com | K61: https://www.paodeacucar.com/produto/411988/cafe-em-capsula-torrado-e-moido-espresso-fortissimo-pilao-caixa-52g-10-unidades | L61: 46087 | M61: 24.99 | N61: 24.99 | O61: 3 | P61: 3 | Q61: https://monitor.precifica.com.br/index.php/Produtos?act=edit&id=19098959 | S61: =COUNTIF('Marcas Target'!A:A,dados!$E61)>0 -> FALSE
A62: 1172534 | B62: Café em Cápsula Torrado e Moído Ristretto Espresso Descafeinado Lor Caixa 52g 10 Unidades | C62: Alimentos | D62: Básico da despensa | E62: L'OR | H62: 8711000397466 | I62: 1172534 | J62: www.paodeacucar.com | K62: https://www.paodeacucar.com/produto/428374/cafe-em-capsula-torrado-e-moido-ristretto-espresso-descafeinado-lor-caixa-52g-10-unidades | L62: 46089 | M62: 30.99 | N62: 30.99 | O62: 22 | P62: 21 | Q62: https://monitor.precifica.com.br/index.php/Produtos?act=edit&id=19098961 | S62: =COUNTIF('Marcas Target'!A:A,dados!$E62)>0 -> TRUE
A63: 1172534 | B63: Café em Cápsula Torrado e Moído Ristretto Espresso Descafeinado Lor Caixa 52g 10 Unidades | C63: Alimentos | D63: Básico da despensa | E63: L'OR | H63: 8711000397466 | I63: 1172534 | J63: www.paodeacucar.com | K63: https://www.paodeacucar.com/produto/428374/cafe-em-capsula-torrado-e-moido-ristretto-espresso-descafeinado-lor-caixa-52g-10-unidades | L63: 46088 | M63: 30.99 | N63: 30.99 | O63: 24 | P63: 16 | Q63: https://monitor.precifica.com.br/index.php/Produtos?act=edit&id=19098961 | S63: =COUNTIF('Marcas Target'!A:A,dados!$E63)>0 -> TRUE
A64: 1172534 | B64: Café em Cápsula Torrado e Moído Ristretto Espresso Descafeinado Lor Caixa 52g 10 Unidades | C64: Alimentos | D64: Básico da despensa | E64: L'OR | H64: 8711000397466 | I64: 1172534 | J64: www.paodeacucar.com | K64: https://www.paodeacucar.com/produto/428374/cafe-em-capsula-torrado-e-moido-ristretto-espresso-descafeinado-lor-caixa-52g-10-unidades | L64: 46087 | M64: 30.99 | N64: 30.99 | O64: 3 | P64: 2 | Q64: https://monitor.precifica.com.br/index.php/Produtos?act=edit&id=19098961 | S64: =COUNTIF('Marcas Target'!A:A,dados!$E64)>0 -> TRUE
A65: 1148940 | B65: Café em Cápsula Torrado e Moído Espresso Extraforte Pilão Caixa 104g 20 Unidades Embalagem Econômica | C65: Alimentos | D65: Básico da despensa | E65: Pilão | H65: 7896089088434 | I65: 1148940 | J65: www.paodeacucar.com | K65: https://www.paodeacucar.com/produto/411987/cafe-em-capsula-torrado-e-moido-espresso-extraforte-pilao-caixa-104g-20-unidades-embalagem-economica | L65: 46089 | M65: 45.99 | N65: 45.99 | O65: 22 | P65: 22 | Q65: https://monitor.precifica.com.br/index.php/Produtos?act=edit&id=19098962 | S65: =COUNTIF('Marcas Target'!A:A,dados!$E65)>0 -> FALSE
A66: 1148940 | B66: Café em Cápsula Torrado e Moído Espresso Extraforte Pilão Caixa 104g 20 Unidades Embalagem Econômica | C66: Alimentos | D66: Básico da despensa | E66: Pilão | H66: 7896089088434 | I66: 1148940 | J66: www.paodeacucar.com | K66: https://www.paodeacucar.com/produto/411987/cafe-em-capsula-torrado-e-moido-espresso-extraforte-pilao-caixa-104g-20-unidades-embalagem-economica | L66: 46088 | M66: 45.99 | N66: 45.99 | O66: 24 | P66: 17 | Q66: https://monitor.precifica.com.br/index.php/Produtos?act=edit&id=19098962 | S66: =COUNTIF('Marcas Target'!A:A,dados!$E66)>0 -> FALSE
A67: 1148940 | B67: Café em Cápsula Torrado e Moído Espresso Extraforte Pilão Caixa 104g 20 Unidades Embalagem Econômica | C67: Alimentos | D67: Básico da despensa | E67: Pilão | H67: 7896089088434 | I67: 1148940 | J67: www.paodeacucar.com | K67: https://www.paodeacucar.com/produto/411987/cafe-em-capsula-torrado-e-moido-espresso-extraforte-pilao-caixa-104g-20-unidades-embalagem-economica | L67: 46087 | M67: 45.99 | N67: 45.99 | O67: 3 | P67: 2 | Q67: https://monitor.precifica.com.br/index.php/Produtos?act=edit&id=19098962 | S67: =COUNTIF('Marcas Target'!A:A,dados!$E67)>0 -> FALSE
A68: 1194404 | B68: Café em Cápsula Torrado e Moído Starbucks Pike Place Roast Caixa 53g 10 Unidades | C68: Alimentos | D68: Básico da despensa | E68: Starbucks | H68: 7613036961745 | I68: 1194404 | J68: www.paodeacucar.com | K68: https://www.paodeacucar.com/produto/441616/cafe-em-capsula-torrado-e-moido-starbucks-pike-place-roast-caixa-53g-10-unidades | L68: 46089 | M68: 32.99 | N68: 32.99 | O68: 22 | P68: 22 | Q68: https://monitor.precifica.com.br/index.php/Produtos?act=edit&id=19098960 | S68: =COUNTIF('Marcas Target'!A:A,dados!$E68)>0 -> FALSE
A69: 1194404 | B69: Café em Cápsula Torrado e Moído Starbucks Pike Place Roast Caixa 53g 10 Unidades | C69: Alimentos | D69: Básico da despensa | E69: Starbucks | H69: 7613036961745 | I69: 1194404 | J69: www.paodeacucar.com | K69: https://www.paodeacucar.com/produto/441616/cafe-em-capsula-torrado-e-moido-starbucks-pike-place-roast-caixa-53g-10-unidades | L69: 46088 | M69: 32.99 | N69: 32.99 | O69: 24 | P69: 21 | Q69: https://monitor.precifica.com.br/index.php/Produtos?act=edit&id=19098960 | S69: =COUNTIF('Marcas Target'!A:A,dados!$E69)>0 -> FALSE
A70: 1194404 | B70: Café em Cápsula Torrado e Moído Starbucks Pike Place Roast Caixa 53g 10 Unidades | C70: Alimentos | D70: Básico da despensa | E70: Starbucks | H70: 7613036961745 | I70: 1194404 | J70: www.paodeacucar.com | K70: https://www.paodeacucar.com/produto/441616/cafe-em-capsula-torrado-e-moido-starbucks-pike-place-roast-caixa-53g-10-unidades | L70: 46087 | M70: 32.99 | N70: 32.99 | O70: 3 | P70: 3 | Q70: https://monitor.precifica.com.br/index.php/Produtos?act=edit&id=19098960 | S70: =COUNTIF('Marcas Target'!A:A,dados!$E70)>0 -> FALSE
... A73: 1114200 | B73: Café Torrado e Moído Clássico Orfeu Caixa 250g | C73: Alimentos | D73: Básico da despensa | E73: Orfeu | H73: 7898912704023 | I73: 1114200 | J73: www.paodeacucar.com | K73: https://www.paodeacucar.com/produto/349846/cafe-torrado-e-moido-classico-orfeu-caixa-250g | L73: 46087 | M73: 43.99 | N73: 43.99 | O73: 3 | P73: 2 | Q73: https://monitor.precifica.com.br/index.php/Produtos?act=edit&id=19098963 | S73: =COUNTIF('Marcas Target'!A:A,dados!$E73)>0 -> TRUE
A74: 1148946 | B74: Café em Cápsula Torrado e Moído Espresso Extraforte Pilão Caixa 52g 10 Unidades | C74: Alimentos | D74: Básico da despensa | E74: Pilão | H74: 7896089088427 | I74: 1148946 | J74: www.paodeacucar.com | K74: https://www.paodeacucar.com/produto/410466/cafe-em-capsula-torrado-e-moido-espresso-extraforte-pilao-caixa-52g-10-unidades | L74: 46089 | O74: 22 | P74: 0 | Q74: https://monitor.precifica.com.br/index.php/Produtos?act=edit&id=19098965 | S74: =COUNTIF('Marcas Target'!A:A,dados!$E74)>0 -> FALSE
A75: 1148946 | B75: Café em Cápsula Torrado e Moído Espresso Extraforte Pilão Caixa 52g 10 Unidades | C75: Alimentos | D75: Básico da despensa | E75: Pilão | H75: 7896089088427 | I75: 1148946 | J75: www.paodeacucar.com | K75: https://www.paodeacucar.com/produto/410466/cafe-em-capsula-torrado-e-moido-espresso-extraforte-pilao-caixa-52g-10-unidades | L75: 46088 | O75: 24 | P75: 0 | Q75: https://monitor.precifica.com.br/index.php/Produtos?act=edit&id=19098965 | S75: =COUNTIF('Marcas Target'!A:A,dados!$E75)>0 -> FALSE
A76: 1148946 | B76: Café em Cápsula Torrado e Moído Espresso Extraforte Pilão Caixa 52g 10 Unidades | C76: Alimentos | D76: Básico da despensa | E76: Pilão | H76: 7896089088427 | I76: 1148946 | J76: www.paodeacucar.com | K76: https://www.paodeacucar.com/produto/410466/cafe-em-capsula-torrado-e-moido-espresso-extraforte-pilao-caixa-52g-10-unidades | L76: 46087 | O76: 3 | P76: 0 | Q76: https://monitor.precifica.com.br/index.php/Produtos?act=edit&id=19098965 | S76: =COUNTIF('Marcas Target'!A:A,dados!$E76)>0 -> FALSE
A77: 0573658 | B77: Café Torrado em Grãos Espresso Pilão Pouch 1kg | C77: Alimentos | D77: Básico da despensa | E77: Pilão | H77: 7896089012101 | I77: 0573658 | J77: www.paodeacucar.com | K77: https://www.paodeacucar.com/produto/44847/cafe-torrado-em-graos-espresso-pilao-pouch-1kg | L77: 46089 | M77: 103.94 | N77: 103.94 | O77: 22 | P77: 14 | Q77: https://monitor.precifica.com.br/index.php/Produtos?act=edit&id=19098967 | S77: =COUNTIF('Marcas Target'!A:A,dados!$E77)>0 -> FALSE
A78: 0573658 | B78: Café Torrado em Grãos Espresso Pilão Pouch 1kg | C78: Alimentos | D78: Básico da despensa | E78: Pilão | H78: 7896089012101 | I78: 0573658 | J78: www.paodeacucar.com | K78: https://www.paodeacucar.com/produto/44847/cafe-torrado-em-graos-espresso-pilao-pouch-1kg | L78: 46088 | M78: 127.92 | N78: 127.92 | O78: 24 | P78: 7 | Q78: https://monitor.precifica.com.br/index.php/Produtos?act=edit&id=19098967 | S78: =COUNTIF('Marcas Target'!A:A,dados!$E78)>0 -> FALSE
A79: 0573658 | B79: Café Torrado em Grãos Espresso Pilão Pouch 1kg | C79: Alimentos | D79: Básico da despensa | E79: Pilão | H79: 7896089012101 | I79: 0573658 | J79: www.paodeacucar.com | K79: https://www.paodeacucar.com/produto/44847/cafe-torrado-em-graos-espresso-pilao-pouch-1kg | L79: 46087 | O79: 3 | P79: 0 | Q79: https://monitor.precifica.com.br/index.php/Produtos?act=edit&id=19098967 | S79: =COUNTIF('Marcas Target'!A:A,dados!$E79)>0 -> FALSE
A80: 1114199 | B80: Café em Cápsula Torrado e Moído Intenso Orfeu Caixa 50g 10 Unidades | C80: Alimentos | D80: Básico da despensa | E80: Orfeu | H80: 7898912704283 | I80: 1114199 | J80: www.paodeacucar.com | K80: https://www.paodeacucar.com/produto/349925/cafe-em-capsula-torrado-e-moido-intenso-orfeu-caixa-50g-10-unidades | L80: 46089 | M80: 33.99 | N80: 33.99 | O80: 22 | P80: 22 | Q80: https://monitor.precifica.com.br/index.php/Produtos?act=edit&id=19098966 | S80: =COUNTIF('Marcas Target'!A:A,dados!$E80)>0 -> TRUE
A81: 1114199 | B81: Café em Cápsula Torrado e Moído Intenso Orfeu Caixa 50g 10 Unidades | C81: Alimentos | D81: Básico da despensa | E81: Orfeu | H81: 7898912704283 | I81: 1114199 | J81: www.paodeacucar.com | K81: https://www.paodeacucar.com/produto/349925/cafe-em-capsula-torrado-e-moido-intenso-orfeu-caixa-50g-10-unidades | L81: 46088 | M81: 33.99 | N81: 33.99 | O81: 24 | P81: 23 | Q81: https://monitor.precifica.com.br/index.php/Produtos?act=edit&id=19098966 | S81: =COUNTIF('Marcas Target'!A:A,dados!$E81)>0 -> TRUE
A82: 1114199 | B82: Café em Cápsula Torrado e Moído Intenso Orfeu Caixa 50g 10 Unidades | C82: Alimentos | D82: Básico da despensa | E82: Orfeu | H82: 7898912704283 | I82: 1114199 | J82: www.paodeacucar.com | K82: https://www.paodeacucar.com/produto/349925/cafe-em-capsula-torrado-e-moido-intenso-orfeu-caixa-50g-10-unidades | L82: 46087 | M82: 33.99 | N82: 33.99 | O82: 3 | P82: 2 | Q82: https://monitor.precifica.com.br/index.php/Produtos?act=edit&id=19098966 | S82: =COUNTIF('Marcas Target'!A:A,dados!$E82)>0 -> TRUE
A83: 1130399 | B83: Café em Cápsula Torrado e Moído Espresso Sontuoso Lor Caixa 52g 10 Unidades | C83: Alimentos | D83: Básico da despensa | E83: L'OR | H83: 8711000362556 | I83: 1130399 | J83: www.paodeacucar.com | K83: https://www.paodeacucar.com/produto/389384/cafe-em-capsula-torrado-e-moido-espresso-sontuoso-lor-caixa-52g-10-unidades | L83: 46089 | M83: 30.99 | N83: 30.99 | O83: 22 | P83: 22 | Q83: https://monitor.precifica.com.br/index.php/Produtos?act=edit&id=19098964 | S83: =COUNTIF('Marcas Target'!A:A,dados!$E83)>0 -> TRUE
A84: 1130399 | B84: Café em Cápsula Torrado e Moído Espresso Sontuoso Lor Caixa 52g 10 Unidades | C84: Alimentos | D84: Básico da despensa | E84: L'OR | H84: 8711000362556 | I84: 1130399 | J84: www.paodeacucar.com | K84: https://www.paodeacucar.com/produto/389384/cafe-em-capsula-torrado-e-moido-espresso-sontuoso-lor-caixa-52g-10-unidades | L84: 46088 | M84: 30.99 | N84: 30.99 | O84: 24 | P84: 9 | Q84: https://monitor.precifica.com.br/index.php/Produtos?act=edit&id=19098964 | S84: =COUNTIF('Marcas Target'!A:A,dados!$E84)>0 -> TRUE
A85: 1130399 | B85: Café em Cápsula Torrado e Moído Espresso Sontuoso Lor Caixa 52g 10 Unidades | C85: Alimentos | D85: Básico da despensa | E85: L'OR | H85: 8711000362556 | I85: 1130399 | J85: www.paodeacucar.com | K85: https://www.paodeacucar.com/produto/389384/cafe-em-capsula-torrado-e-moido-espresso-sontuoso-lor-caixa-52g-10-unidades | L85: 46087 | M85: 30.99 | N85: 30.99 | O85: 3 | P85: 2 | Q85: https://monitor.precifica.com.br/index.php/Produtos?act=edit&id=19098964 | S85: =COUNTIF('Marcas Target'!A:A,dados!$E85)>0 -> TRUE
A86: 1172532 | B86: Café em Cápsula Torrado e Moído Espresso Colômbia Lor Origins Collection Caixa 52g 10 Unidades | C86: Alimentos | D86: Básico da despensa | E86: L'OR | H86: 8711000362679 | I86: 1172532 | J86: www.paodeacucar.com | K86: https://www.paodeacucar.com/produto/428373/cafe-em-capsula-torrado-e-moido-espresso-colombia-lor-origins-collection-caixa-52g-10-unidades | L86: 46089 | M86: 30.99 | N86: 30.99 | O86: 22 | P86: 21 | Q86: https://monitor.precifica.com.br/index.php/Produtos?act=edit&id=19098968 | S86: =COUNTIF('Marcas Target'!A:A,dados!$E86)>0 -> TRUE
A87: 1172532 | B87: Café em Cápsula Torrado e Moído Espresso Colômbia Lor Origins Collection Caixa 52g 10 Unidades | C87: Alimentos | D87: Básico da despensa | E87: L'OR | H87: 8711000362679 | I87: 1172532 | J87: www.paodeacucar.com | K87: https://www.paodeacucar.com/produto/428373/cafe-em-capsula-torrado-e-moido-espresso-colombia-lor-origins-collection-caixa-52g-10-unidades | L87: 46088 | M87: 30.99 | N87: 30.99 | O87: 24 | P87: 22 | Q87: https://monitor.precifica.com.br/index.php/Produtos?act=edit&id=19098968 | S87: =COUNTIF('Marcas Target'!A:A,dados!$E87)>0 -> TRUE
A88: 1172532 | B88: Café em Cápsula Torrado e Moído Espresso Colômbia Lor Origins Collection Caixa 52g 10 Unidades | C88: Alimentos | D88: Básico da despensa | E88: L'OR | H88: 8711000362679 | I88: 1172532 | J88: www.paodeacucar.com | K88: https://www.paodeacucar.com/produto/428373/cafe-em-capsula-torrado-e-moido-espresso-colombia-lor-origins-collection-caixa-52g-10-unidades | L88: 46087 | M88: 30.99 | N88: 30.99 | O88: 3 | P88: 2 | Q88: https://monitor.precifica.com.br/index.php/Produtos?act=edit&id=19098968 | S88: =COUNTIF('Marcas Target'!A:A,dados!$E88)>0 -> TRUE
A89: 1855029 | B89: Café Torrado e Moído Extraforte Melitta Caixa 500g | C89: Alimentos | D89: BÃ¡sico da despensa | E89: Melitta | H89: 7891021006934 | I89: 1855029 | J89: www.paodeacucar.com | K89: https://www.paodeacucar.com/produto/166290/cafe-torrado-e-moido-extraforte-melitta-caixa-500g | L89: 46089 | M89: 38.99 | N89: 38.99 | O89: 22 | P89: 3 | Q89: https://monitor.precifica.com.br/index.php/Produtos?act=edit&id=19098971 | S89: =COUNTIF('Marcas Target'!A:A,dados!$E89)>0 -> FALSE
A90: 1855029 | B90: Café Torrado e Moído Extraforte Melitta Caixa 500g | C90: Alimentos | D90: BÃ¡sico da despensa | E90: Melitta | H90: 7891021006934 | I90: 1855029 | J90: www.paodeacucar.com | K90: https://www.paodeacucar.com/produto/166290/cafe-torrado-e-moido-extraforte-melitta-caixa-500g | L90: 46088 | M90: 38.99 | N90: 38.99 | O90: 24 | P90: 2 | Q90: https://monitor.precifica.com.br/index.php/Produtos?act=edit&id=19098971 | S90: =COUNTIF('Marcas Target'!A:A,dados!$E90)>0 -> FALSE
A91: 1855029 | B91: Café Torrado e Moído Extraforte Melitta Caixa 500g | C91: Alimentos | D91: BÃ¡sico da despensa | E91: Melitta | H91: 7891021006934 | I91: 1855029 | J91: www.paodeacucar.com | K91: https://www.paodeacucar.com/produto/166290/cafe-torrado-e-moido-extraforte-melitta-caixa-500g | L91: 46087 | O91: 3 | P91: 0 | Q91: https://monitor.precifica.com.br/index.php/Produtos?act=edit&id=19098971 | S91: =COUNTIF('Marcas Target'!A:A,dados!$E91)>0 -> FALSE
A92: 1114202 | B92: Café em Cápsula Torrado e Moído Orgânico Orfeu Caixa 50g 10 Unidades | C92: Alimentos | D92: Básico da despensa | E92: Orfeu | H92: 7898912704184 | I92: 1114202 | J92: www.paodeacucar.com | K92: https://www.paodeacucar.com/produto/349845/cafe-em-capsula-torrado-e-moido-organico-orfeu-caixa-50g-10-unidades | L92: 46089 | M92: 33.99 | N92: 33.99 | O92: 22 | P92: 22 | Q92: https://monitor.precifica.com.br/index.php/Produtos?act=edit&id=19098970 | S92: =COUNTIF('Marcas Target'!A:A,dados!$E92)>0 -> TRUE
A93: 1114202 | B93: Café em Cápsula Torrado e Moído Orgânico Orfeu Caixa 50g 10 Unidades | C93: Alimentos | D93: Básico da despensa | E93: Orfeu | H93: 7898912704184 | I93: 1114202 | J93: www.paodeacucar.com | K93: https://www.paodeacucar.com/produto/349845/cafe-em-capsula-torrado-e-moido-organico-orfeu-caixa-50g-10-unidades | L93: 46088 | M93: 33.99 | N93: 33.99 | O93: 24 | P93: 24 | Q93: https://monitor.precifica.com.br/index.php/Produtos?act=edit&id=19098970 | S93: =COUNTIF('Marcas Target'!A:A,dados!$E93)>0 -> TRUE
A94: 1114202 | B94: Café em Cápsula Torrado e Moído Orgânico Orfeu Caixa 50g 10 Unidades | C94: Alimentos | D94: Básico da despensa | E94: Orfeu | H94: 7898912704184 | I94: 1114202 | J94: www.paodeacucar.com | K94: https://www.paodeacucar.com/produto/349845/cafe-em-capsula-torrado-e-moido-organico-orfeu-caixa-50g-10-unidades | L94: 46087 | M94: 33.99 | N94: 33.99 | O94: 3 | P94: 3 | Q94: https://monitor.precifica.com.br/index.php/Produtos?act=edit&id=19098970 | S94: =COUNTIF('Marcas Target'!A:A,dados!$E94)>0 -> TRUE
A95: 1914795 | B95: Café Torrado e Moído a Vácuo Tradicional Pilão Pacote 500g | C95: Alimentos | D95: BÃ¡sico da despensa | E95: Pilão | H95: 7896089011357 | I95: 1914795 | J95: www.paodeacucar.com | K95: https://www.paodeacucar.com/produto/90515/cafe-torrado-e-moido-a-vacuo-tradicional-pilao-pacote-500g | L95: 46089 | M95: 27.49 | N95: 27.49 | O95: 22 | P95: 22 | Q95: https://monitor.precifica.com.br/index.php/Produtos?act=edit&id=19098969 | S95: =COUNTIF('Marcas Target'!A:A,dados!$E95)>0 -> FALSE
A96: 1914795 | B96: Café Torrado e Moído a Vácuo Tradicional Pilão Pacote 500g | C96: Alimentos | D96: BÃ¡sico da despensa | E96: Pilão | H96: 7896089011357 | I96: 1914795 | J96: www.paodeacucar.com | K96: https://www.paodeacucar.com/produto/90515/cafe-torrado-e-moido-a-vacuo-tradicional-pilao-pacote-500g | L96: 46088 | M96: 27.49 | N96: 27.49 | O96: 24 | P96: 24 | Q96: https://monitor.precifica.com.br/index.php/Produtos?act=edit&id=19098969 | S96: =COUNTIF('Marcas Target'!A:A,dados!$E96)>0 -> FALSE
A97: 1914795 | B97: Café Torrado e Moído a Vácuo Tradicional Pilão Pacote 500g | C97: Alimentos | D97: BÃ¡sico da despensa | E97: Pilão | H97: 7896089011357 | I97: 1914795 | J97: www.paodeacucar.com | K97: https://www.paodeacucar.com/produto/90515/cafe-torrado-e-moido-a-vacuo-tradicional-pilao-pacote-500g | L97: 46087 | M97: 27.49 | N97: 27.49 | O97: 3 | P97: 2 | Q97: https://monitor.precifica.com.br/index.php/Produtos?act=edit&id=19098969 | S97: =COUNTIF('Marcas Target'!A:A,dados!$E97)>0 -> FALSE
A98: 1130392 | B98: Café em Cápsula Torrado e Moído Espresso Onyx Lor Caixa 52g 10 Unidades | C98: Alimentos | D98: Básico da despensa | E98: L'OR | H98: 8711000362631 | I98: 1130392 | J98: www.paodeacucar.com | K98: https://www.paodeacucar.com/produto/389386/cafe-em-capsula-torrado-e-moido-espresso-onyx-lor-caixa-52g-10-unidades | L98: 46089 | M98: 30.99 | N98: 30.99 | O98: 22 | P98: 22 | Q98: https://monitor.precifica.com.br/index.php/Produtos?act=edit&id=19098974 | S98: =COUNTIF('Marcas Target'!A:A,dados!$E98)>0 -> TRUE
A99: 1130392 | B99: Café em Cápsula Torrado e Moído Espresso Onyx Lor Caixa 52g 10 Unidades | C99: Alimentos | D99: Básico da despensa | E99: L'OR | H99: 8711000362631 | I99: 1130392 | J99: www.paodeacucar.com | K99: https://www.paodeacucar.com/produto/389386/cafe-em-capsula-torrado-e-moido-espresso-onyx-lor-caixa-52g-10-unidades | L99: 46088 | M99: 30.99 | N99: 30.99 | O99: 24 | P99: 12 | Q99: https://monitor.precifica.com.br/index.php/Produtos?act=edit&id=19098974 | S99: =COUNTIF('Marcas Target'!A:A,dados!$E99)>0 -> TRUE
A100: 1130392 | B100: Café em Cápsula Torrado e Moído Espresso Onyx Lor Caixa 52g 10 Unidades | C100: Alimentos | D100: Básico da despensa | E100: L'OR | H100: 8711000362631 | I100: 1130392 | J100: www.paodeacucar.com | K100: https://www.paodeacucar.com/produto/389386/cafe-em-capsula-torrado-e-moido-espresso-onyx-lor-caixa-52g-10-unidades | L100: 46087 | M100: 30.99 | N100: 30.99 | O100: 3 | P100: 2 | Q100: https://monitor.precifica.com.br/index.php/Produtos?act=edit&id=19098974 | S100: =COUNTIF('Marcas Target'!A:A,dados!$E100)>0 -> TRUE
A101: 0250702 | B101: Café Torrado e Moído Tradicional Pilão Pacote 250g | E101: Pilão | H101: 7896089011982 | I101: 0250702 | J101: www.paodeacucar.com | K101: https://www.paodeacucar.com/produto/152472/cafe-torrado-e-moido-tradicional-pilao-pacote-250g | L101: 46089 | M101: 27.99 | N101: 27.99 | O101: 23 | P101: 22 | Q101: https://monitor.precifica.com.br/index.php/Produtos?act=edit&id=19098972 | S101: =COUNTIF('Marcas Target'!A:A,dados!$E101)>0 -> FALSE
A102: 0250702 | B102: Café Torrado e Moído Tradicional Pilão Pacote 250g | E102: Pilão | H102: 7896089011982 | I102: 0250702 | J102: www.paodeacucar.com | K102: https://www.paodeacucar.com/produto/152472/cafe-torrado-e-moido-tradicional-pilao-pacote-250g | L102: 46088 | M102: 27.99 | N102: 27.99 | O102: 23 | P102: 21 | Q102: https://monitor.precifica.com.br/index.php/Produtos?act=edit&id=19098972 | S102: =COUNTIF('Marcas Target'!A:A,dados!$E102)>0 -> FALSE
A103: 0250702 | B103: Café Torrado e Moído Tradicional Pilão Pacote 250g | E103: Pilão | H103: 7896089011982 | I103: 0250702 | J103: www.paodeacucar.com | K103: https://www.paodeacucar.com/produto/152472/cafe-torrado-e-moido-tradicional-pilao-pacote-250g | L103: 46087 | M103: 27.99 | N103: 27.99 | O103: 3 | P103: 3 | Q103: https://monitor.precifica.com.br/index.php/Produtos?act=edit&id=19098972 | S103: =COUNTIF('Marcas Target'!A:A,dados!$E103)>0 -> FALSE
A104: 1194402 | B104: Café em Cápsula Torrado e Moído Lungo Starbucks House Blend Caixa 57g 10 Unidades | C104: Alimentos | D104: Básico da despensa | E104: Starbucks | H104: 7613036957069 | I104: 1194402 | J104: www.paodeacucar.com | K104: https://www.paodeacucar.com/produto/441611/cafe-em-capsula-torrado-e-moido-lungo-starbucks-house-blend-caixa-57g-10-unidades | L104: 46089 | M104: 7.99 | N104: 7.99 | O104: 22 | P104: 1 | Q104: https://monitor.precifica.com.br/index.php/Produtos?act=edit&id=19098973 | S104: =COUNTIF('Marcas Target'!A:A,dados!$E104)>0 -> FALSE
A105: 1194402 | B105: Café em Cápsula Torrado e Moído Lungo Starbucks House Blend Caixa 57g 10 Unidades | C105: Alimentos | D105: Básico da despensa | E105: Starbucks | H105: 7613036957069 | I105: 1194402 | J105: www.paodeacucar.com | K105: https://www.paodeacucar.com/produto/441611/cafe-em-capsula-torrado-e-moido-lungo-starbucks-house-blend-caixa-57g-10-unidades | L105: 46088 | M105: 34.99 | N105: 34.99 | O105: 24 | P105: 3 | Q105: https://monitor.precifica.com.br/index.php/Produtos?act=edit&id=19098973 | S105: =COUNTIF('Marcas Target'!A:A,dados!$E105)>0 -> FALSE
A106: 1194402 | B106: Café em Cápsula Torrado e Moído Lungo Starbucks House Blend Caixa 57g 10 Unidades | C106: Alimentos | D106: Básico da despensa | E106: Starbucks | H106: 7613036957069 | I106: 1194402 | J106: www.paodeacucar.com | K106: https://www.paodeacucar.com/produto/441611/cafe-em-capsula-torrado-e-moido-lungo-starbucks-house-blend-caixa-57g-10-unidades | L106: 46087 | O106: 3 | P106: 0 | Q106: https://monitor.precifica.com.br/index.php/Produtos?act=edit&id=19098973 | S106: =COUNTIF('Marcas Target'!A:A,dados!$E106)>0 -> FALSE
...

Sheet Sheet1
B1: Código de Barras | C1: Código
B2: 7896089013399 | C2: 1038723
B3: 7896089013399 | C3: 1038723
B4: 7896089013399 | C4: 1038723
B5: 7896005801529 | C5: 0183567
B6: 7896005801529 | C6: 0183567
B7: 7896005801529 | C7: 0183567
B8: 7896005800010 | C8: 0590655
B9: 7896005800010 | C9: 0590655
B10: 7896005800010 | C10: 0590655
B11: 7896005800188 | C11: 0463478
B12: 7896005800188 | C12: 0463478
... B1048: 7896005809488 | C1048: 1351082

Sheet Marcas Target
A1: Marcas Target | B1: Amostras na base
A2: ORFEU | B2: =COUNTIFS(dados!P:P,">0",dados!E:E,'Marcas Target'!A2) -> 62
A3: SANTA MONICA | B3: =COUNTIFS(dados!P:P,">0",dados!E:E,'Marcas Target'!A3) -> 35
A4: ASTRO CAFE | B4: =COUNTIFS(dados!P:P,">0",dados!E:E,'Marcas Target'!A4) -> 13
A5: L'OR | B5: =COUNTIFS(dados!P:P,">0",dados!E:E,'Marcas Target'!A5) -> 88
A6: BAGGIO | B6: =COUNTIFS(dados!P:P,">0",dados!E:E,'Marcas Target'!A6) -> 51
A7: CAFÉ DO CENTRO | B7: =COUNTIFS(dados!P:P,">0",dados!E:E,'Marcas Target'!A7) -> 6
A8: BRAVO | B8: =COUNTIFS(dados!P:P,">0",dados!E:E,'Marcas Target'!A8) -> 3
A9: CAFÉ TOLEDO | B9: =COUNTIFS(dados!P:P,">0",dados!E:E,'Marcas Target'!A9) -> 0
A10: TRES CORACOES | B10: =COUNTIFS(dados!P:P,">0",dados!E:E,'Marcas Target'!A10) -> 3
A11: CONSTANTINO | B11: =COUNTIFS(dados!P:P,">0",dados!E:E,'Marcas Target'!A11) -> 11
A12: ZARO CAFÉ | B12: =COUNTIFS(dados!P:P,">0",dados!E:E,'Marcas Target'!A12) -> 0
A13: COSTA RICA | B13: =COUNTIFS(dados!P:P,">0",dados!E:E,'Marcas Target'!A13) -> 0
A14: LAVAZZA | B14: =COUNTIFS(dados!P:P,">0",dados!E:E,'Marcas Target'!A14) -> 0

Sheet mambo
A1: SKU | B1: Titulo | C1: Fabricante | D1: Tipo Produto | E1: Departamento | F1: Categoria | G1: Sub Categoria | H1: GTIN | I1: Modelo | J1: Bytes | K1: Litros | L1: Tamanho | M1: Qtde. Pacote | N1: Cor | O1: Peso | P1: Genero | Q1: Volume | R1: Voltagem | S1: Disponibilidade | T1: Preco | U1: Preço Oferta | V1: Vendedor | W1: Descricao | X1: Descricao_1 | Y1: URL | Z1: URL Imagem | AA1: URL Imagem_2 | AB1: Column1 | AC1: _3 | AD1: _4 | AE1: _5 | AF1: _6 | AG1: _7 | AH1: _8 | AI1: _9 | AJ1: _10 | AK1: _11 | AL1: CLUSTER PAO
A2: 2532 | B2: Café Torrado e Moído Superior Aviação 500g | C2: Aviação | E2: Mambo | F2: Mercearia | H2: 7896331100648 | O2: 500 | S2: Disponivel | T2: 54.98 | U2: 54.98 | V2: SUPERMERCADOS MAMBO - BR | Y2: https://www.mambo.com.br/cafe-superior-moido-aviacao-500g/p | Z2: https://mambodelivery.vteximg.com.br/arquivos/ids/225965/_--15-.jpg?v=638726318458270000 | AA2: https://mambodelivery.vteximg.com.br/arquivos/ids/225965/_--15-.jpg?v=638726318458270000 | AB2: https://mambodelivery.vteximg.com.br/arquivos/ids/225965/_--15-.jpg?v=638726318458270000 | AL2: =VLOOKUP(mambo!$H2,Sheet1!B:C,2,FALSE) -> #N/A
A3: 2533 | B3: Café Torrado e Moído 252 Graus a Vácuo Pilão 500g | C3: Pilão | E3: Mambo | F3: Mercearia | H3: 7896089013849 | O3: 252 | S3: Disponivel | T3: 43.49 | U3: 43.49 | V3: SUPERMERCADOS MAMBO - BR | Y3: https://www.mambo.com.br/cafe-torrado-e-moido-252-graus-a-vacuo-pilao-500g/p | Z3: https://mambodelivery.vteximg.com.br/arquivos/ids/232952/7896089013849.jpg?v=638844758945970000 | AA3: https://mambodelivery.vteximg.com.br/arquivos/ids/232952/7896089013849.jpg?v=638844758945970000 | AB3: https://mambodelivery.vteximg.com.br/arquivos/ids/232952/7896089013849.jpg?v=638844758945970000 | AL3: =VLOOKUP(mambo!$H3,Sheet1!B:C,2,FALSE) -> #N/A
A4: 2534 | B4: Café Torrado e Moído 252° Graus Abre & Fecha Pilão Sachê 500g | C4: Pilão | E4: Mambo | F4: Mercearia | H4: 7896089013856 | O4: 500 | S4: Disponivel | T4: 43.49 | U4: 43.49 | V4: SUPERMERCADOS MAMBO - BR | Y4: https://www.mambo.com.br/cafe-torrado-e-moido-252--graus-abre---fecha-pilao-sache-500g/p | Z4: https://mambodelivery.vteximg.com.br/arquivos/ids/232953/7896089013856_01.jpg?v=638844761397800000 | AA4: https://mambodelivery.vteximg.com.br/arquivos/ids/232953/7896089013856_01.jpg?v=638844761397800000 | AB4: https://mambodelivery.vteximg.com.br/arquivos/ids/232953/7896089013856_01.jpg?v=638844761397800000 | AC4: https://mambodelivery.vteximg.com.br/arquivos/ids/232954/7896089013856_02.jpg?v=638844761398100000 | AD4: https://mambodelivery.vteximg.com.br/arquivos/ids/232955/7896089013856_03.jpg?v=638844761398100000 | AL4: =VLOOKUP(mambo!$H4,Sheet1!B:C,2,FALSE) -> 7641688
A5: 2536 | B5: Café Torrado e Moído a Vácuo Tradicional 3 Corações Pacote 500g | C5: 3 Corações | E5: Mambo | F5: Mercearia | H5: 7896045102440 | O5: 500 | S5: Disponivel | T5: 27.99 | U5: 27.99 | V5: SUPERMERCADOS MAMBO - BR | Y5: https://www.mambo.com.br/cafe-torrado-e-moido-a-vacuo-tradicional-3-coracoes-pacote-500g/p | Z5: https://mambodelivery.vteximg.com.br/arquivos/ids/159910/cafe-a-vacuo-tradicional-3-coracoes-500g_1.jpg?v=637883137229130000 | AA5: https://mambodelivery.vteximg.com.br/arquivos/ids/159910/cafe-a-vacuo-tradicional-3-coracoes-500g_1.jpg?v=637883137229130000 | AB5: https://mambodelivery.vteximg.com.br/arquivos/ids/159910/cafe-a-vacuo-tradicional-3-coracoes-500g_1.jpg?v=637883137229130000 | AC5: https://mambodelivery.vteximg.com.br/arquivos/ids/159909/cafe-a-vacuo-tradicional-3-coracoes-500g.jpg?v=637883137219130000 | AD5: https://mambodelivery.vteximg.com.br/arquivos/ids/159911/cafe-a-vacuo-tradicional-3-coracoes-500g_2.jpg?v=637883137237900000 | AE5: https://mambodelivery.vteximg.com.br/arquivos/ids/159912/cafe-a-vacuo-tradicional-3-coracoes-500g_3.jpg?v=637883137247770000 | AF5: https://mambodelivery.vteximg.com.br/arquivos/ids/159913/cafe-a-vacuo-tradicional-3-coracoes-500g_4.jpg?v=637883137256070000 | AG5: https://mambodelivery.vteximg.com.br/arquivos/ids/159914/cafe-a-vacuo-tradicional-3-coracoes-500g_5.jpg?v=637883137266830000 | AH5: https://mambodelivery.vteximg.com.br/arquivos/ids/159915/cafe-a-vacuo-tradicional-3-coracoes-500g_6.jpg?v=637883137274030000 | AL5: =VLOOKUP(mambo!$H5,Sheet1!B:C,2,FALSE) -> #N/A
A6: 2537 | B6: Cápsula de Café Aqtivus 8 Delta 55g com 10 Unidades | C6: Delta Q | E6: Mambo | F6: Mercearia | H6: 5601082038537 | M6: 10 | O6: 55 | S6: Disponivel | T6: 28.49 | U6: 28.49 | V6: SUPERMERCADOS MAMBO - BR | Y6: https://www.mambo.com.br/cafe-aqtivus-8-delta-55g-com-10-capsulas/p | Z6: https://mambodelivery.vteximg.com.br/arquivos/ids/159916/cafe-aqtivus-8-delta-55g-com-10-capsulas.jpg?v=637883137287030000 | AA6: https://mambodelivery.vteximg.com.br/arquivos/ids/159916/cafe-aqtivus-8-delta-55g-com-10-capsulas.jpg?v=637883137287030000 | AB6: https://mambodelivery.vteximg.com.br/arquivos/ids/159916/cafe-aqtivus-8-delta-55g-com-10-capsulas.jpg?v=637883137287030000 | AL6: =VLOOKUP(mambo!$H6,Sheet1!B:C,2,FALSE) -> #N/A
A7: 2538 | B7: Café Torrado e Moído Aromatizado Amêndoas Torradas Floresta 100g | C7: Floresta | E7: Mambo | F7: Mercearia | H7: 7896393800029 | O7: 100 | S7: Disponivel | T7: 19.98 | U7: 19.98 | V7: SUPERMERCADOS MAMBO - BR | Y7: https://www.mambo.com.br/cafe-aromatizado-amendoas-torradas-floresta-100g/p | Z7: https://mambodelivery.vteximg.com.br/arquivos/ids/159917/cafe-aromatizado-amendoas-torradas-floresta-100g.jpg?v=637883137303130000 | AA7: https://mambodelivery.vteximg.com.br/arquivos/ids/159917/cafe-aromatizado-amendoas-torradas-floresta-100g.jpg?v=637883137303130000 | AB7: https://mambodelivery.vteximg.com.br/arquivos/ids/159917/cafe-aromatizado-amendoas-torradas-floresta-100g.jpg?v=637883137303130000 | AL7: =VLOOKUP(mambo!$H7,Sheet1!B:C,2,FALSE) -> #N/A
A8: 2539 | B8: Café Torrado e Moído Aromatizado Baunilha com Nozes Floresta 100g | C8: Floresta | E8: Mambo | F8: Mercearia | H8: 7896393800050 | O8: 100 | S8: Disponivel | T8: 19.98 | U8: 19.98 | V8: SUPERMERCADOS MAMBO - BR | Y8: https://www.mambo.com.br/cafe-aromatizado-baunilha-com-nozes-floresta-100g/p | Z8: https://mambodelivery.vteximg.com.br/arquivos/ids/159918/cafe-aromatizado-baunilha-com-nozes-floresta-100g.jpg?v=637883137318300000 | AA8: https://mambodelivery.vteximg.com.br/arquivos/ids/159918/cafe-aromatizado-baunilha-com-nozes-floresta-100g.jpg?v=637883137318300000 | AB8: https://mambodelivery.vteximg.com.br/arquivos/ids/159918/cafe-aromatizado-baunilha-com-nozes-floresta-100g.jpg?v=637883137318300000 | AL8: =VLOOKUP(mambo!$H8,Sheet1!B:C,2,FALSE) -> #N/A
A9: 2541 | B9: Café Torrado e Moído Aromatizado Crème Brulée Floresta 100g | C9: Floresta | E9: Mambo | F9: Mercearia | H9: 7896393800067 | O9: 100 | S9: Disponivel | T9: 19.98 | U9: 19.98 | V9: SUPERMERCADOS MAMBO - BR | Y9: https://www.mambo.com.br/cafe-aromatizado-creme-brulee-floresta-100g/p | Z9: https://mambodelivery.vteximg.com.br/arquivos/ids/241367/209268.jpg?v=639010679039500000 | AA9: https://mambodelivery.vteximg.com.br/arquivos/ids/241367/209268.jpg?v=639010679039500000 | AB9: https://mambodelivery.vteximg.com.br/arquivos/ids/241367/209268.jpg?v=639010679039500000 | AL9: =VLOOKUP(mambo!$H9,Sheet1!B:C,2,FALSE) -> #N/A
A10: 2542 | B10: Café Torrado e Moído Aromatizado Trufas com Chocolate Floresta 100g | C10: Floresta | E10: Mambo | F10: Mercearia | H10: 7896393800074 | O10: 100 | S10: Disponivel | T10: 19.98 | U10: 19.98 | V10: SUPERMERCADOS MAMBO - BR | Y10: https://www.mambo.com.br/cafe-aromatizado-trufas-com-chocolate-floresta-100g/p | Z10: https://mambodelivery.vteximg.com.br/arquivos/ids/159921/cafe-aromatizado-trufas-com-chocolate-floresta-100g.jpg?v=637883137363370000 | AA10: https://mambodelivery.vteximg.com.br/arquivos/ids/159921/cafe-aromatizado-trufas-com-chocolate-floresta-100g.jpg?v=637883137363370000 | AB10: https://mambodelivery.vteximg.com.br/arquivos/ids/159921/cafe-aromatizado-trufas-com-chocolate-floresta-100g.jpg?v=637883137363370000 | AL10: =VLOOKUP(mambo!$H10,Sheet1!B:C,2,FALSE) -> #N/A
A11: 2543 | B11: Cápsula de Café Barítono Bravo 50g com 10 Unidades | C11: Bravo Café | E11: Mambo | F11: Mercearia | H11: 7898204020329 | M11: 10 | O11: 50 | S11: Disponivel | T11: 23.98 | U11: 23.98 | V11: SUPERMERCADOS MAMBO - BR | Y11: https://www.mambo.com.br/cafe-baritono-bravo-50g-com-10-capsulas/p | Z11: https://mambodelivery.vteximg.com.br/arquivos/ids/231793/226322.jpg.jpg?v=638822109508970000 | AA11: https://mambodelivery.vteximg.com.br/arquivos/ids/231793/226322.jpg.jpg?v=638822109508970000 | AB11: https://mambodelivery.vteximg.com.br/arquivos/ids/231793/226322.jpg.jpg?v=638822109508970000 | AL11: =VLOOKUP(mambo!$H11,Sheet1!B:C,2,FALSE) -> #N/A
A12: 2545 | B12: Cápsula de Café Blonde Espresso Roast Starbucks & Nespresso com 10 Unidades | C12: Nescafé | E12: Mambo | F12: Mercearia | H12: 7613036961004 | M12: 10 | S12: Disponivel | T12: 32.98 | U12: 32.98 | V12: SUPERMERCADOS MAMBO - BR | Y12: https://www.mambo.com.br/cafe-blonde-espresso-roast-starbucks-by-nespresso-com-10-capsulas/p | Z12: https://mambodelivery.vteximg.com.br/arquivos/ids/223502/7613036961004-CafeemCapsulaStarbucks%C3%82%C2%AEBlondeEspressoRoastbyNespresso%C3%82%C2%AE-10capsulas-1.jpg?v=638664166610400000 | AA12: https://mambodelivery.vteximg.com.br/arquivos/ids/223502/7613036961004-CafeemCapsulaStarbucks%C3%82%C2%AEBlondeEspressoRoastbyNespresso%C3%82%C2%AE-10capsulas-1.jpg?v=638664166610400000 | AB12: https://mambodelivery.vteximg.com.br/arquivos/ids/223502/7613036961004-CafeemCapsulaStarbucks%C3%82%C2%AEBlondeEspressoRoastbyNespresso%C3%82%C2%AE-10capsulas-1.jpg?v=638664166610400000 | AC12: https://mambodelivery.vteximg.com.br/arquivos/ids/223503/image-to-upload-1.jpg?v=638664166614930000 | AD12: https://mambodelivery.vteximg.com.br/arquivos/ids/223504/7613036961004-CafeemCapsulaStarbucks%C3%82%C2%AEBlondeEspressoRoastbyNespresso%C3%82%C2%AE-10capsulas-1.jpg?v=638664166618700000 | AE12: https://mambodelivery.vteximg.com.br/arquivos/ids/223505/7613036961004-CafeemCapsulaStarbucks%C3%82%C2%AEBlondeEspressoRoastbyNespresso%C3%82%C2%AE-10capsulas-3.jpg?v=638664166622130000 | AF12: https://mambodelivery.vteximg.com.br/arquivos/ids/223506/7613036961004-CafeemCapsulaStarbucks%C3%82%C2%AEBlondeEspressoRoastbyNespresso%C3%82%C2%AE-10capsulas-4.jpg?v=638664166625070000 | AG12: https://mambodelivery.vteximg.com.br/arquivos/ids/223507/7613036961004-CafeemCapsulaStarbucks%C3%82%C2%AEBlondeEspressoRoastbyNespresso%C3%82%C2%AE-10capsulas-5.jpg?v=638664166627730000 | AL12: =VLOOKUP(mambo!$H12,Sheet1!B:C,2,FALSE) -> 1194407
A13: 2545 | B13: Cápsula de Café Blonde Espresso Roast Starbucks & Nespresso com 10 Unidades | C13: Nescafé | E13: Mambo | F13: Mercearia | H13: 7613036961004 | M13: 10 | S13: Disponivel | T13: 32.98 | U13: 32.98 | V13: SUPERMERCADOS MAMBO - BR | Y13: https://www.mambo.com.br/cafe-blonde-espresso-roast-starbucks-by-nespresso-com-10-capsulas/p | Z13: https://mambodelivery.vteximg.com.br/arquivos/ids/223502/7613036961004-CafeemCapsulaStarbucks%C3%82%C2%AEBlondeEspressoRoastbyNespresso%C3%82%C2%AE-10capsulas-1.jpg?v=638664166610400000 | AA13: https://mambodelivery.vteximg.com.br/arquivos/ids/223502/7613036961004-CafeemCapsulaStarbucks%C3%82%C2%AEBlondeEspressoRoastbyNespresso%C3%82%C2%AE-10capsulas-1.jpg?v=638664166610400000 | AB13: https://mambodelivery.vteximg.com.br/arquivos/ids/223502/7613036961004-CafeemCapsulaStarbucks%C3%82%C2%AEBlondeEspressoRoastbyNespresso%C3%82%C2%AE-10capsulas-1.jpg?v=638664166610400000 | AC13: https://mambodelivery.vteximg.com.br/arquivos/ids/223503/image-to-upload-1.jpg?v=638664166614930000 | AD13: https://mambodelivery.vteximg.com.br/arquivos/ids/223504/7613036961004-CafeemCapsulaStarbucks%C3%82%C2%AEBlondeEspressoRoastbyNespresso%C3%82%C2%AE-10capsulas-1.jpg?v=638664166618700000 | AE13: https://mambodelivery.vteximg.com.br/arquivos/ids/223505/7613036961004-CafeemCapsulaStarbucks%C3%82%C2%AEBlondeEspressoRoastbyNespresso%C3%82%C2%AE-10capsulas-3.jpg?v=638664166622130000 | AF13: https://mambodelivery.vteximg.com.br/arquivos/ids/223506/7613036961004-CafeemCapsulaStarbucks%C3%82%C2%AEBlondeEspressoRoastbyNespresso%C3%82%C2%AE-10capsulas-4.jpg?v=638664166625070000 | AG13: https://mambodelivery.vteximg.com.br/arquivos/ids/223507/7613036961004-CafeemCapsulaStarbucks%C3%82%C2%AEBlondeEspressoRoastbyNespresso%C3%82%C2%AE-10capsulas-5.jpg?v=638664166627730000 | AL13: =VLOOKUP(mambo!$H13,Sheet1!B:C,2,FALSE) -> 1194407
A14: 2546 | B14: Café Torrado e Moído Bourbon Amarelo Varietais Orfeu 250g | C14: Orfeu | E14: Mambo | F14: Mercearia | H14: 7898665830512 | O14: 250 | S14: Disponivel | T14: 42.49 | U14: 42.49 | V14: SUPERMERCADOS MAMBO - BR | Y14: https://www.mambo.com.br/cafe-torrado-e-moido-bourbon-amarelo-varietais-orfeu-250g/p | Z14: https://mambodelivery.vteximg.com.br/arquivos/ids/230121/270757.jpg.jpg?v=638792182938900000 | AA14: https://mambodelivery.vteximg.com.br/arquivos/ids/230121/270757.jpg.jpg?v=638792182938900000 | AB14: https://mambodelivery.vteximg.com.br/arquivos/ids/230121/270757.jpg.jpg?v=638792182938900000 | AL14: =VLOOKUP(mambo!$H14,Sheet1!B:C,2,FALSE) -> 1229373
A15: 2547 | B15: Cápsula de Café Bourbon Amarelo Orfeu 50g com 10 Unidades | C15: Orfeu | E15: Mambo | F15: Mercearia | H15: 7898665830499 | M15: 10 | O15: 50 | S15: Disponivel | T15: 26.99 | U15: 26.99 | V15: SUPERMERCADOS MAMBO - BR | Y15: https://www.mambo.com.br/cafe-bourbon-amarelo-orfeu-50g-com-10-capsulas/p | Z15: https://mambodelivery.vteximg.com.br/arquivos/ids/159939/cafe-bourbon-amarelo-orfeu-50g-com-10-capsulas.jpg?v=637883137569100000 | AA15: https://mambodelivery.vteximg.com.br/arquivos/ids/159939/cafe-bourbon-amarelo-orfeu-50g-com-10-capsulas.jpg?v=637883137569100000 | AB15: https://mambodelivery.vteximg.com.br/arquivos/ids/159939/cafe-bourbon-amarelo-orfeu-50g-com-10-capsulas.jpg?v=637883137569100000 | AL15: =VLOOKUP(mambo!$H15,Sheet1!B:C,2,FALSE) -> 1229374
A16: 2555 | B16: Cápsula de Café Clássico Orfeu 50g com 10 Unidades | C16: Orfeu | E16: Mambo | F16: Mercearia | H16: 7898912704085 | M16: 10 | O16: 50 | S16: Disponivel | T16: 26.99 | U16: 26.99 | V16: SUPERMERCADOS MAMBO - BR | Y16: https://www.mambo.com.br/cafe-classico-orfeu-50g-com-10-capsulas/p | Z16: https://mambodelivery.vteximg.com.br/arquivos/ids/159955/cafe-classico-orfeu-50g-com-10-capsulas.jpg?v=637883137770670000 | AA16: https://mambodelivery.vteximg.com.br/arquivos/ids/159955/cafe-classico-orfeu-50g-com-10-capsulas.jpg?v=637883137770670000 | AB16: https://mambodelivery.vteximg.com.br/arquivos/ids/159955/cafe-classico-orfeu-50g-com-10-capsulas.jpg?v=637883137770670000 | AL16: =VLOOKUP(mambo!$H16,Sheet1!B:C,2,FALSE) -> 1075263
A17: 2556 | B17: Cápsula de Café Single-Origin Colombia Nespresso Starbucks 57g com 10 Unidades | C17: Nescafé | E17: Mambo | F17: Mercearia | H17: 7613036961448 | M17: 10 | O17: 57 | S17: Disponivel | T17: 32.98 | U17: 32.98 | V17: SUPERMERCADOS MAMBO - BR | Y17: https://www.mambo.com.br/capsula-de-cafe-single-origin-colombia-nespresso-starbucks-57g-com-10-unidades/p | Z17: https://mambodelivery.vteximg.com.br/arquivos/ids/230887/7613036961448-CafeemCapsulaStarbucks%C3%82%C2%AESingle-OriginColombiabyNespresso%C3%82%C2%AE-10capsulas-1.jpg?v=638803142930800000 | AA17: https://mambodelivery.vteximg.com.br/arquivos/ids/230887/7613036961448-CafeemCapsulaStarbucks%C3%82%C2%AESingle-OriginColombiabyNespresso%C3%82%C2%AE-10capsulas-1.jpg?v=638803142930800000 | AB17: https://mambodelivery.vteximg.com.br/arquivos/ids/230887/7613036961448-CafeemCapsulaStarbucks%C3%82%C2%AESingle-OriginColombiabyNespresso%C3%82%C2%AE-10capsulas-1.jpg?v=638803142930800000 | AC17: https://mambodelivery.vteximg.com.br/arquivos/ids/230888/7613036961448-CafeemCapsulaStarbucks%C3%82%C2%AESingle-OriginColombiabyNespresso%C3%82%C2%AE-10capsulas-3.jpg?v=638803144120670000 | AD17: https://mambodelivery.vteximg.com.br/arquivos/ids/230889/7613036961448-CafeemCapsulaStarbucks%C3%82%C2%AESingle-OriginColombiabyNespresso%C3%82%C2%AE-10capsulas-4.jpg?v=638803144120670000 | AE17: https://mambodelivery.vteximg.com.br/arquivos/ids/230890/7613036961448-CafeemCapsulaStarbucks%C3%82%C2%AESingle-OriginColombiabyNespresso%C3%82%C2%AE-10capsulas-5.jpg?v=638803144120670000 | AF17: https://mambodelivery.vteximg.com.br/arquivos/ids/230891/7613036961448-CafeemCapsulaStarbucks%C3%82%C2%AESingle-OriginColombiabyNespresso%C3%82%C2%AE-10capsulas-6.jpg?v=638803144120670000 | AG17: https://mambodelivery.vteximg.com.br/arquivos/ids/230892/7613036961448-CafeemCapsulaStarbucks%C3%82%C2%AESingle-OriginColombiabyNespresso%C3%82%C2%AE-10capsulas-7.jpg?v=638803144120800000 | AH17: https://mambodelivery.vteximg.com.br/arquivos/ids/230893/7613036961448-CafeemCapsulaStarbucks%C3%82%C2%AESingle-OriginColombiabyNespresso%C3%82%C2%AE-10capsulas-8.jpg?v=638803144120800000 | AI17: https://mambodelivery.vteximg.com.br/arquivos/ids/230894/7613036961448-CafeemCapsulaStarbucks%C3%82%C2%AESingle-OriginColombiabyNespresso%C3%82%C2%AE-10capsulas-9.jpg?v=638803144120800000 | AL17: =VLOOKUP(mambo!$H17,Sheet1!B:C,2,FALSE) -> #N/A
A18: 2557 | B18: Cápsula de Café com Cacau Italle 25g com 10 Unidades | C18: Italle | E18: Mambo | F18: Mercearia | H18: 7898994748762 | M18: 10 | O18: 25 | S18: Disponivel | T18: 18.99 | U18: 18.99 | V18: SUPERMERCADOS MAMBO - BR | Y18: https://www.mambo.com.br/cafe-com-cacau-italle-25g-10-capsulas/p | Z18: https://mambodelivery.vteximg.com.br/arquivos/ids/159966/cafc3a9-com-cacau-italle-25g-10-cc3a1psulas.jpg?v=637883137892930000 | AA18: https://mambodelivery.vteximg.com.br/arquivos/ids/159966/cafc3a9-com-cacau-italle-25g-10-cc3a1psulas.jpg?v=637883137892930000 | AB18: https://mambodelivery.vteximg.com.br/arquivos/ids/159966/cafc3a9-com-cacau-italle-25g-10-cc3a1psulas.jpg?v=637883137892930000 | AL18: =VLOOKUP(mambo!$H18,Sheet1!B:C,2,FALSE) -> #N/A
A19: 2559 | B19: Cápsula de Café Com Leite Tres 3 Corações 90g com 10 Unidades | C19: 3 Corações | E19: Mambo | F19: Mercearia | H19: 7896005805121 | M19: 10 | O19: 90 | S19: Disponivel | T19: 17.98 | U19: 17.98 | V19: SUPERMERCADOS MAMBO - BR | Y19: https://www.mambo.com.br/capsula-de-cafe-com-leite-tres-3-coracoes-90g-com-10-unidades/p | Z19: https://mambodelivery.vteximg.com.br/arquivos/ids/211423/7896005805121-Capsula-de-Cafe-com-Leite-3-Coracoes-10-unid-01.jpg?v=638531991024200000 | AA19: https://mambodelivery.vteximg.com.br/arquivos/ids/211423/7896005805121-Capsula-de-Cafe-com-Leite-3-Coracoes-10-unid-01.jpg?v=638531991024200000 | AB19: https://mambodelivery.vteximg.com.br/arquivos/ids/211423/7896005805121-Capsula-de-Cafe-com-Leite-3-Coracoes-10-unid-01.jpg?v=638531991024200000 | AC19: https://mambodelivery.vteximg.com.br/arquivos/ids/211424/7896005805121-Capsula-de-Cafe-com-Leite-3-Coracoes-10-unid-02.jpg?v=638755917606600000 | AD19: https://mambodelivery.vteximg.com.br/arquivos/ids/211425/7896005805121-Capsula-de-Cafe-com-Leite-3-Coracoes-10-unid-03.jpg?v=638755917606600000 | AE19: https://mambodelivery.vteximg.com.br/arquivos/ids/211426/7896005805121-Capsula-de-Cafe-com-Leite-3-Coracoes-10-unid-04.jpg?v=638755917606600000 | AL19: =VLOOKUP(mambo!$H19,Sheet1!B:C,2,FALSE) -> 1042388
A20: 2561 | B20: Cápsula de Café Baileys Supremo Macchiato Tres 3 Corações 110g com 10 Unidades | C20: 3 Corações | E20: Mambo | F20: Mercearia | H20: 7896045104871 | M20: 10 | O20: 110 | S20: Disponivel | T20: 17.98 | U20: 17.98 | V20: SUPERMERCADOS MAMBO - BR | Y20: https://www.mambo.com.br/capsula-baileys-supremo-macchiato-3-coracoes-10-unid/p | Z20: https://mambodelivery.vteximg.com.br/arquivos/ids/227641/7896045104871---Cafe-com-Leite-em-Capsula-Supremo-Macchiato-3-Coracoes-Baileys-Caixa-110g-10-Unidades---1.jpg?v=638762701443930000 | AA20: https://mambodelivery.vteximg.com.br/arquivos/ids/227641/7896045104871---Cafe-com-Leite-em-Capsula-Supremo-Macchiato-3-Coracoes-Baileys-Caixa-110g-10-Unidades---1.jpg?v=638762701443930000 | AB20: https://mambodelivery.vteximg.com.br/arquivos/ids/227641/7896045104871---Cafe-com-Leite-em-Capsula-Supremo-Macchiato-3-Coracoes-Baileys-Caixa-110g-10-Unidades---1.jpg?v=638762701443930000 | AC20: https://mambodelivery.vteximg.com.br/arquivos/ids/227642/7896045104871---Cafe-com-Leite-em-Capsula-Supremo-Macchiato-3-Coracoes-Baileys-Caixa-110g-10-Unidades---1.jpg?v=638762701444100000 | AD20: https://mambodelivery.vteximg.com.br/arquivos/ids/227643/7896045104871---Cafe-com-Leite-em-Capsula-Supremo-Macchiato-3-Coracoes-Baileys-Caixa-110g-10-Unidades---2.jpg?v=638762701444100000 | AE20: https://mambodelivery.vteximg.com.br/arquivos/ids/227644/7896045104871---Cafe-com-Leite-em-Capsula-Supremo-Macchiato-3-Coracoes-Baileys-Caixa-110g-10-Unidades---3.jpg?v=638762701444100000 | AL20: =VLOOKUP(mambo!$H20,Sheet1!B:C,2,FALSE) -> 1328047
A21: 2568 | B21: Cápsula de Café Espresso Forza Tres 3 Corações 80g com 10 Unidades | C21: 3 Corações | E21: Mambo | F21: Mercearia | H21: 7896045101733 | M21: 10 | O21: 80 | S21: Disponivel | T21: 17.98 | U21: 17.98 | V21: SUPERMERCADOS MAMBO - BR | Y21: https://www.mambo.com.br/capsula-de-cafe-espresso-forza-tres-3-coracoes-80g-com-10-unidades/p | Z21: https://mambodelivery.vteximg.com.br/arquivos/ids/227653/265764-Cafe-Capsula-Forza-Tres-8g-10-Capsulas.jpg?v=638762701820000000 | AA21: https://mambodelivery.vteximg.com.br/arquivos/ids/227653/265764-Cafe-Capsula-Forza-Tres-8g-10-Capsulas.jpg?v=638762701820000000 | AB21: https://mambodelivery.vteximg.com.br/arquivos/ids/227653/265764-Cafe-Capsula-Forza-Tres-8g-10-Capsulas.jpg?v=638762701820000000 | AC21: https://mambodelivery.vteximg.com.br/arquivos/ids/227654/265764-Cafe-Capsula-Forza-Tres-8g-10-Capsulas.jpg?v=638762701820330000 | AD21: https://mambodelivery.vteximg.com.br/arquivos/ids/227655/265764-Cafe-Capsula-Forza-Tres-8g-10-Capsulas.jpg?v=638762701820330000 | AE21: https://mambodelivery.vteximg.com.br/arquivos/ids/227656/265764-Cafe-Capsula-Forza-Tres-8g-10-Capsulas.jpg?v=638762701820330000 | AL21: =VLOOKUP(mambo!$H21,Sheet1!B:C,2,FALSE) -> 1251696
A22: 2572 | B22: Café Torrado e Moído Descafeinado a Vácuo 3 Corações 250g | C22: 3 Corações | E22: Mambo | F22: Mercearia | H22: 7896005800577 | O22: 250 | S22: Disponivel | T22: 40.98 | U22: 40.98 | V22: SUPERMERCADOS MAMBO - BR | Y22: https://www.mambo.com.br/cafe-torrado-e-moido-descafeinado-a-vacuo-3-coracoes-250g/p | Z22: https://mambodelivery.vteximg.com.br/arquivos/ids/227182/cafe-descafeinado-a-vacuo-3-coracoes-250g_1.jpg?v=638760218489770000 | AA22: https://mambodelivery.vteximg.com.br/arquivos/ids/227182/cafe-descafeinado-a-vacuo-3-coracoes-250g_1.jpg?v=638760218489770000 | AB22: https://mambodelivery.vteximg.com.br/arquivos/ids/227182/cafe-descafeinado-a-vacuo-3-coracoes-250g_1.jpg?v=638760218489770000 | AC22: https://mambodelivery.vteximg.com.br/arquivos/ids/227183/cafe-descafeinado-a-vacuo-3-coracoes-250g.jpg?v=638760218489930000 | AD22: https://mambodelivery.vteximg.com.br/arquivos/ids/227184/cafe-descafeinado-a-vacuo-3-coracoes-250g_2.jpg?v=638760218490100000 | AE22: https://mambodelivery.vteximg.com.br/arquivos/ids/227185/cafe-descafeinado-a-vacuo-3-coracoes-250g_3.jpg?v=638760218490100000 | AF22: https://mambodelivery.vteximg.com.br/arquivos/ids/227186/cafe-descafeinado-a-vacuo-3-coracoes-250g_4.jpg?v=638760218490100000 | AG22: https://mambodelivery.vteximg.com.br/arquivos/ids/227187/cafe-descafeinado-a-vacuo-3-coracoes-250g_5.jpg?v=638760218490230000 | AH22: https://mambodelivery.vteximg.com.br/arquivos/ids/227188/cafe-descafeinado-a-vacuo-3-coracoes-250g_6.jpg?v=638760218490230000 | AL22: =VLOOKUP(mambo!$H22,Sheet1!B:C,2,FALSE) -> 4586951
A23: 2573 | B23: Café Torrado e Moído Descafeinado Melitta 250g | C23: Melitta | E23: Mambo | F23: Mercearia | H23: 7891021006309 | O23: 250 | S23: Disponivel | T23: 40.98 | U23: 40.98 | V23: SUPERMERCADOS MAMBO - BR | Y23: https://www.mambo.com.br/cafe-torrado-e-moido-descafeinado-melitta-250g/p | Z23: https://mambodelivery.vteximg.com.br/arquivos/ids/227280/cafe-descafeinado-melitta-250g_1.jpg?v=638761902420200000 | AA23: https://mambodelivery.vteximg.com.br/arquivos/ids/227280/cafe-descafeinado-melitta-250g_1.jpg?v=638761902420200000 | AB23: https://mambodelivery.vteximg.com.br/arquivos/ids/227280/cafe-descafeinado-melitta-250g_1.jpg?v=638761902420200000 | AC23: https://mambodelivery.vteximg.com.br/arquivos/ids/227281/cafe-descafeinado-melitta-250g.jpg?v=638761902420370000 | AD23: https://mambodelivery.vteximg.com.br/arquivos/ids/227282/cafe-descafeinado-melitta-250g_2.jpg?v=638761902420500000 | AE23: https://mambodelivery.vteximg.com.br/arquivos/ids/227283/cafe-descafeinado-melitta-250g_3.jpg?v=638761902420500000 | AL23: =VLOOKUP(mambo!$H23,Sheet1!B:C,2,FALSE) -> #N/A
A24: 2575 | B24: Café Torrado e Moído Descafeínado a Vácuo Pilão 250g | C24: Pilão | E24: Mambo | F24: Mercearia | H24: 7896089012118 | O24: 250 | S24: Disponivel | T24: 40.98 | U24: 40.98 | V24: SUPERMERCADOS MAMBO - BR | Y24: https://www.mambo.com.br/cafe-torrado-e-moido-descafeinado-a-vacuo-pilao-250g/p | Z24: https://mambodelivery.vteximg.com.br/arquivos/ids/232900/7896089012118_03.jpg?v=638844663495870000 | AA24: https://mambodelivery.vteximg.com.br/arquivos/ids/232900/7896089012118_03.jpg?v=638844663495870000 | AB24: https://mambodelivery.vteximg.com.br/arquivos/ids/232900/7896089012118_03.jpg?v=638844663495870000 | AC24: https://mambodelivery.vteximg.com.br/arquivos/ids/232901/7896089012118_02.jpg?v=638844663495870000 | AD24: https://mambodelivery.vteximg.com.br/arquivos/ids/232902/7896089012118_01.jpg?v=638844663496030000 | AL24: =VLOOKUP(mambo!$H24,Sheet1!B:C,2,FALSE) -> 0573313
A25: 2577 | B25: Cápsula de Café Orgânico Santa Mônica 50g com 10 Unidades | C25: Santa Mônica | E25: Mambo | F25: Mercearia | H25: 7898372620109 | M25: 10 | O25: 50 | S25: Indisponivel | T25: 0 | U25: 0 | Y25: https://www.mambo.com.br/capsula-de-cafe-organico-santa-monica-50g-10-unidades/p | Z25: https://mambodelivery.vteximg.com.br/arquivos/ids/160026/cafe-em-capsula-organico-santa-monica-50g-10-unidades.jpg?v=637883138574500000 | AA25: https://mambodelivery.vteximg.com.br/arquivos/ids/160026/cafe-em-capsula-organico-santa-monica-50g-10-unidades.jpg?v=637883138574500000 | AB25: https://mambodelivery.vteximg.com.br/arquivos/ids/160026/cafe-em-capsula-organico-santa-monica-50g-10-unidades.jpg?v=637883138574500000 | AL25: =VLOOKUP(mambo!$H25,Sheet1!B:C,2,FALSE) -> 1405510
A26: 2578 | B26: Cápsula de Café Bourbon Amarelo Orfeu 50g com 10 Unidades | C26: Orfeu | E26: Mambo | F26: Mercearia | H26: 7898665831298 | M26: 10 | O26: 50 | S26: Disponivel | T26: 29.99 | U26: 29.99 | V26: SUPERMERCADOS MAMBO - BR | Y26: https://www.mambo.com.br/capsula-de-cafe-bourbon-amarelo-orfeu-50g-10-unidades/p | Z26: https://mambodelivery.vteximg.com.br/arquivos/ids/160027/cafe-em-capsula-bourbon-amarelo-orfeu-10-unidades.jpg?v=637883138588600000 | AA26: https://mambodelivery.vteximg.com.br/arquivos/ids/160027/cafe-em-capsula-bourbon-amarelo-orfeu-10-unidades.jpg?v=637883138588600000 | AB26: https://mambodelivery.vteximg.com.br/arquivos/ids/160027/cafe-em-capsula-bourbon-amarelo-orfeu-10-unidades.jpg?v=637883138588600000 | AL26: =VLOOKUP(mambo!$H26,Sheet1!B:C,2,FALSE) -> #N/A
A27: 2579 | B27: Cápsula de Café Clássico Orfeu 90g com 10 Unidades | C27: Orfeu | E27: Mambo | F27: Mercearia | H27: 7898665831274 | M27: 10 | O27: 90 | S27: Disponivel | T27: 29.99 | U27: 29.99 | V27: SUPERMERCADOS MAMBO - BR | Y27: https://www.mambo.com.br/capsula-de-cafe-classico-orfeu-90g-10-unidades/p | Z27: https://mambodelivery.vteximg.com.br/arquivos/ids/160028/cafe-em-capsula-classico-orfeu-10-unidades.jpg?v=637883138603130000 | AA27: https://mambodelivery.vteximg.com.br/arquivos/ids/160028/cafe-em-capsula-classico-orfeu-10-unidades.jpg?v=637883138603130000 | AB27: https://mambodelivery.vteximg.com.br/arquivos/ids/160028/cafe-em-capsula-classico-orfeu-10-unidades.jpg?v=637883138603130000 | AL27: =VLOOKUP(mambo!$H27,Sheet1!B:C,2,FALSE) -> #N/A
A28: 2582 | B28: Cápsula de Café Intenso Orfeu 90g com 10 Unidades | C28: Orfeu | E28: Mambo | F28: Mercearia | H28: 7898665831281 | M28: 10 | O28: 90 | S28: Disponivel | T28: 29.99 | U28: 29.99 | V28: SUPERMERCADOS MAMBO - BR | Y28: https://www.mambo.com.br/capsula-de-cafe-intenso-orfeu-90g-10-unidades/p | Z28: https://mambodelivery.vteximg.com.br/arquivos/ids/160031/cafe-em-capsula-intenso-orfeu-10-unidades.png?v=637883138643800000 | AA28: https://mambodelivery.vteximg.com.br/arquivos/ids/160031/cafe-em-capsula-intenso-orfeu-10-unidades.png?v=637883138643800000 | AB28: https://mambodelivery.vteximg.com.br/arquivos/ids/160031/cafe-em-capsula-intenso-orfeu-10-unidades.png?v=637883138643800000 | AL28: =VLOOKUP(mambo!$H28,Sheet1!B:C,2,FALSE) -> #N/A
A29: 2583 | B29: Cápsula de Café Orgânico Orfeu 90g com 10 Unidades | C29: Orfeu | E29: Mambo | F29: Mercearia | H29: 7898665831304 | M29: 10 | O29: 90 | S29: Disponivel | T29: 36.98 | U29: 36.98 | V29: SUPERMERCADOS MAMBO - BR | Y29: https://www.mambo.com.br/capsula-de-cafe-organico-orfeu-90g-10-unidades/p | Z29: https://mambodelivery.vteximg.com.br/arquivos/ids/160032/cafe-em-capsula-organico-orfeu-10-unidades.jpg?v=637883138658200000 | AA29: https://mambodelivery.vteximg.com.br/arquivos/ids/160032/cafe-em-capsula-organico-orfeu-10-unidades.jpg?v=637883138658200000 | AB29: https://mambodelivery.vteximg.com.br/arquivos/ids/160032/cafe-em-capsula-organico-orfeu-10-unidades.jpg?v=637883138658200000 | AL29: =VLOOKUP(mambo!$H29,Sheet1!B:C,2,FALSE) -> #N/A
A30: 2585 | B30: Cápsula de Café Torrado e Moído Clássico Espresso Illy Caixa 57g com 10 Unidades | C30: Illy | E30: Mambo | F30: Mercearia | H30: 8003753158679 | M30: 10 | O30: 57 | S30: Disponivel | T30: 24.99 | U30: 24.99 | V30: SUPERMERCADOS MAMBO - BR | Y30: https://www.mambo.com.br/capsula-de-cafe-torrado-e-moido-classico-espresso-illy-57g-10-unidades/p | Z30: https://mambodelivery.vteximg.com.br/arquivos/ids/160034/cafe-em-capsula-torrado-e-moido-classico-espresso-illy-caixa-57g-10-unidades.jpg?v=637883138690130000 | AA30: https://mambodelivery.vteximg.com.br/arquivos/ids/160034/cafe-em-capsula-torrado-e-moido-classico-espresso-illy-caixa-57g-10-unidades.jpg?v=637883138690130000 | AB30: https://mambodelivery.vteximg.com.br/arquivos/ids/160034/cafe-em-capsula-torrado-e-moido-classico-espresso-illy-caixa-57g-10-unidades.jpg?v=637883138690130000 | AC30: https://mambodelivery.vteximg.com.br/arquivos/ids/160035/cafe-em-capsula-torrado-e-moido-classico-espresso-illy-caixa-57g-10-unidades_1.jpg?v=637883138702330000 | AD30: https://mambodelivery.vteximg.com.br/arquivos/ids/160036/cafe-em-capsula-torrado-e-moido-classico-espresso-illy-caixa-57g-10-unidades_2.jpg?v=637883138714200000 | AL30: =VLOOKUP(mambo!$H30,Sheet1!B:C,2,FALSE) -> 1244783
A31: 2587 | B31: Cápsula de Café Forte Espresso Illy Caixa 57g com 10 Unidades | C31: Illy | E31: Mambo | F31: Mercearia | H31: 8003753158709 | M31: 10 | O31: 57 | S31: Disponivel | T31: 24.99 | U31: 24.99 | V31: SUPERMERCADOS MAMBO - BR | Y31: https://www.mambo.com.br/capsula-de-cafe-forte-espresso-illy-57g-10-unidades/p | Z31: https://mambodelivery.vteximg.com.br/arquivos/ids/160041/cafe-em-capsula-torrado-e-moido-forte-espresso-illy-caixa-57g-10-unidades.jpg?v=637883138768170000 | AA31: https://mambodelivery.vteximg.com.br/arquivos/ids/160041/cafe-em-capsula-torrado-e-moido-forte-espresso-illy-caixa-57g-10-unidades.jpg?v=637883138768170000 | AB31: https://mambodelivery.vteximg.com.br/arquivos/ids/160041/cafe-em-capsula-torrado-e-moido-forte-espresso-illy-caixa-57g-10-unidades.jpg?v=637883138768170000 | AC31: https://mambodelivery.vteximg.com.br/arquivos/ids/160042/cafe-em-capsula-torrado-e-moido-forte-espresso-illy-caixa-57g-10-unidades_1.jpg?v=637883138779400000 | AD31: https://mambodelivery.vteximg.com.br/arquivos/ids/160043/cafe-em-capsula-torrado-e-moido-forte-espresso-illy-caixa-57g-10-unidades_2.jpg?v=637883138788800000 | AL31: =VLOOKUP(mambo!$H31,Sheet1!B:C,2,FALSE) -> 1244781
A32: 2589 | B32: Cápsula de Café Intenso Espresso Illy Caixa 57g com 10 Unidades | C32: Illy | E32: Mambo | F32: Mercearia | H32: 8003753158761 | M32: 10 | O32: 57 | S32: Disponivel | T32: 24.99 | U32: 24.99 | V32: SUPERMERCADOS MAMBO - BR | Y32: https://www.mambo.com.br/capsula-de-cafe-intenso-espresso-illy-57g-10-unidades/p | Z32: https://mambodelivery.vteximg.com.br/arquivos/ids/160045/cafe-em-capsula-torrado-e-moido-intenso-espresso-illy-caixa-57g-10-unidades.jpg?v=637883138819000000 | AA32: https://mambodelivery.vteximg.com.br/arquivos/ids/160045/cafe-em-capsula-torrado-e-moido-intenso-espresso-illy-caixa-57g-10-unidades.jpg?v=637883138819000000 | AB32: https://mambodelivery.vteximg.com.br/arquivos/ids/160045/cafe-em-capsula-torrado-e-moido-intenso-espresso-illy-caixa-57g-10-unidades.jpg?v=637883138819000000 | AC32: https://mambodelivery.vteximg.com.br/arquivos/ids/160046/cafe-em-capsula-torrado-e-moido-intenso-espresso-illy-caixa-57g-10-unidades_1.jpg?v=637883138826970000 | AD32: https://mambodelivery.vteximg.com.br/arquivos/ids/160047/cafe-em-capsula-torrado-e-moido-intenso-espresso-illy-caixa-57g-10-unidades_2.jpg?v=637883138837770000 | AL32: =VLOOKUP(mambo!$H32,Sheet1!B:C,2,FALSE) -> 1244782
A33: 2595 | B33: Café em Grãos Classico Illy Blend 250g | C33: Illy | E33: Mambo | F33: Mercearia | H33: 8003753900520 | O33: 250 | S33: Disponivel | T33: 48.98 | U33: 48.98 | V33: SUPERMERCADOS MAMBO - BR | Y33: https://www.mambo.com.br/cafe-em-graos-torra-media-illy-250g/p | Z33: https://mambodelivery.vteximg.com.br/arquivos/ids/234211/230378.jpg?v=638863838396630000 | AA33: https://mambodelivery.vteximg.com.br/arquivos/ids/234211/230378.jpg?v=638863838396630000 | AB33: https://mambodelivery.vteximg.com.br/arquivos/ids/234211/230378.jpg?v=638863838396630000 | AL33: =VLOOKUP(mambo!$H33,Sheet1!B:C,2,FALSE) -> 4867753
A34: 2596 | B34: Cápsula de Café Epiq Intensidade 14 Delta Q 55g com 10 Unidades | C34: Delta Q | E34: Mambo | F34: Mercearia | H34: 5601082041162 | M34: 10 | O34: 55 | S34: Disponivel | T34: 28.49 | U34: 28.49 | V34: SUPERMERCADOS MAMBO - BR | Y34: https://www.mambo.com.br/cafe-epiq-intensidade-14-delta-q-55g-com-10-capsulas/p | Z34: https://mambodelivery.vteximg.com.br/arquivos/ids/160058/cafe-epiq-intensidade-14-delta-q-55g-com-10-capsulas.jpg?v=637883138997670000 | AA34: https://mambodelivery.vteximg.com.br/arquivos/ids/160058/cafe-epiq-intensidade-14-delta-q-55g-com-10-capsulas.jpg?v=637883138997670000 | AB34: https://mambodelivery.vteximg.com.br/arquivos/ids/160058/cafe-epiq-intensidade-14-delta-q-55g-com-10-capsulas.jpg?v=637883138997670000 | AL34: =VLOOKUP(mambo!$H34,Sheet1!B:C,2,FALSE) -> #N/A
A35: 2597 | B35: Café Torrado e Moído Especial a Vácuo Melitta 500g | C35: Melitta | E35: Mambo | F35: Mercearia | H35: 7891021006866 | O35: 500 | S35: Disponivel | T35: 56.98 | U35: 56.98 | V35: SUPERMERCADOS MAMBO - BR | Y35: https://www.mambo.com.br/cafe-torrado-e-moido-especial-a-vacuo-melitta-500g/p | Z35: https://mambodelivery.vteximg.com.br/arquivos/ids/227189/cafe-especial-a-vacuo-melitta-500g_2.jpg?v=638760220451770000 | AA35: https://mambodelivery.vteximg.com.br/arquivos/ids/227189/cafe-especial-a-vacuo-melitta-500g_2.jpg?v=638760220451770000 | AB35: https://mambodelivery.vteximg.com.br/arquivos/ids/227189/cafe-especial-a-vacuo-melitta-500g_2.jpg?v=638760220451770000 | AC35: https://mambodelivery.vteximg.com.br/arquivos/ids/227190/cafe-especial-a-vacuo-melitta-500g_1.jpg?v=638760220452000000 | AD35: https://mambodelivery.vteximg.com.br/arquivos/ids/227191/cafe-especial-a-vacuo-melitta-500g.jpg?v=638760220452170000 | AE35: https://mambodelivery.vteximg.com.br/arquivos/ids/227192/cafe-especial-a-vacuo-melitta-500g_3.jpg?v=638760220452200000 | AL35: =VLOOKUP(mambo!$H35,Sheet1!B:C,2,FALSE) -> #N/A
A36: 2598 | B36: Café em Cápsulas de Torrado e moído Pilão Fortíssimo 10 - 52g com 10 Cápsulas | C36: Pilão | E36: Mambo | F36: Mercearia | H36: 7896089088410 | M36: 10 | O36: 52 | S36: Disponivel | T36: 25.49 | U36: 25.49 | V36: SUPERMERCADOS MAMBO - BR | Y36: https://www.mambo.com.br/cafe-em-capsulas-de-torrado-e-moido-pilao-fortissimo-10---52g-com-10-capsulas/p | Z36: https://mambodelivery.vteximg.com.br/arquivos/ids/232913/7896089088410_01.jpg?v=638844672358530000 | AA36: https://mambodelivery.vteximg.com.br/arquivos/ids/232913/7896089088410_01.jpg?v=638844672358530000 | AB36: https://mambodelivery.vteximg.com.br/arquivos/ids/232913/7896089088410_01.jpg?v=638844672358530000 | AC36: https://mambodelivery.vteximg.com.br/arquivos/ids/232914/7896089088410_02.jpg?v=638844672358530000 | AD36: https://mambodelivery.vteximg.com.br/arquivos/ids/232915/7896089088410_03.jpg?v=638844672358530000 | AE36: https://mambodelivery.vteximg.com.br/arquivos/ids/232916/7896089088410_04.jpg?v=638844672358700000 | AF36: https://mambodelivery.vteximg.com.br/arquivos/ids/232917/7896089088410_05.jpg?v=638844672358700000 | AL36: =VLOOKUP(mambo!$H36,Sheet1!B:C,2,FALSE) -> 1148942
A37: 2599 | B37: Café em Cápsula Torrado e Moído Espresso Extraforte Pilão Caixa 52g 10 Unidades | C37: Pilão | E37: Mambo | F37: Mercearia | H37: 7896089088427 | M37: 10 | O37: 52 | S37: Disponivel | T37: 25.49 | U37: 25.49 | V37: SUPERMERCADOS MAMBO - BR | Y37: https://www.mambo.com.br/cafe-em-capsula-torrado-e-moido-espresso-extraforte-pilao-caixa-52g-10-unidades/p | Z37: https://mambodelivery.vteximg.com.br/arquivos/ids/232895/7896089088427_01.jpg?v=638844661510430000 | AA37: https://mambodelivery.vteximg.com.br/arquivos/ids/232895/7896089088427_01.jpg?v=638844661510430000 | AB37: https://mambodelivery.vteximg.com.br/arquivos/ids/232895/7896089088427_01.jpg?v=638844661510430000 | AC37: https://mambodelivery.vteximg.com.br/arquivos/ids/232896/7896089088427_02.jpg?v=638844661510570000 | AD37: https://mambodelivery.vteximg.com.br/arquivos/ids/232897/7896089088427_03.jpg?v=638844661510730000 | AE37: https://mambodelivery.vteximg.com.br/arquivos/ids/232898/7896089088427_04.jpg?v=638844661510730000 | AF37: https://mambodelivery.vteximg.com.br/arquivos/ids/232899/7896089088427_05.jpg?v=638844661510730000 | AL37: =VLOOKUP(mambo!$H37,Sheet1!B:C,2,FALSE) -> 1148946
A38: 2600 | B38: Café em Cápsulas de Torrado e moído Pilão Tradicional 07 52g com 10 Cápsulas | C38: Pilão | E38: Mambo | F38: Mercearia | H38: 7896089088403 | M38: 10 | O38: 52 | S38: Disponivel | T38: 25.49 | U38: 25.49 | V38: SUPERMERCADOS MAMBO - BR | Y38: https://www.mambo.com.br/capsula-de-cafe-espresso-07-pilao-52g-com-10-unidade/p | Z38: https://mambodelivery.vteximg.com.br/arquivos/ids/232922/7896089088403_01.jpg?v=638844678136370000 | AA38: https://mambodelivery.vteximg.com.br/arquivos/ids/232922/7896089088403_01.jpg?v=638844678136370000 | AB38: https://mambodelivery.vteximg.com.br/arquivos/ids/232922/7896089088403_01.jpg?v=638844678136370000 | AC38: https://mambodelivery.vteximg.com.br/arquivos/ids/232923/7896089088403_02.jpg?v=638844678136530000 | AD38: https://mambodelivery.vteximg.com.br/arquivos/ids/232924/7896089088403_03.jpg?v=638844678136530000 | AE38: https://mambodelivery.vteximg.com.br/arquivos/ids/232925/7896089088403_04.jpg?v=638844678136530000 | AF38: https://mambodelivery.vteximg.com.br/arquivos/ids/232926/7896089088403_05.jpg?v=638844678136530000 | AL38: =VLOOKUP(mambo!$H38,Sheet1!B:C,2,FALSE) -> 1148945
A39: 2601 | B39: Cápsula de Café Espresso Ameno Tres 3 Corações 80g com 10 Unidades | C39: 3 Corações | E39: Mambo | F39: Mercearia | H39: 7896005805701 | M39: 10 | O39: 80 | S39: Disponivel | T39: 17.98 | U39: 17.98 | V39: SUPERMERCADOS MAMBO - BR | Y39: https://www.mambo.com.br/capsula-de-cafe-espresso-ameno-tres-3-coracoes-80g-com-10-unidades/p | Z39: https://mambodelivery.vteximg.com.br/arquivos/ids/211394/7896005805701-Capsula-de-Cafe-Espresso-Ameno-3-Coracoes-10-unid.jpg?v=638531968474630000 | AA39: https://mambodelivery.vteximg.com.br/arquivos/ids/211394/7896005805701-Capsula-de-Cafe-Espresso-Ameno-3-Coracoes-10-unid.jpg?v=638531968474630000 | AB39: https://mambodelivery.vteximg.com.br/arquivos/ids/211394/7896005805701-Capsula-de-Cafe-Espresso-Ameno-3-Coracoes-10-unid.jpg?v=638531968474630000 | AC39: https://mambodelivery.vteximg.com.br/arquivos/ids/211396/7896005805701-Capsula-de-Cafe-Espresso-Ameno-3-Coracoes-10-unid--1-.jpg?v=638760993237100000 | AD39: https://mambodelivery.vteximg.com.br/arquivos/ids/211397/7896005805701-Capsula-de-Cafe-Espresso-Ameno-3-Coracoes-10-unid--2-.jpg?v=638760993237100000 | AE39: https://mambodelivery.vteximg.com.br/arquivos/ids/211398/7896005805701-Capsula-de-Cafe-Espresso-Ameno-3-Coracoes-10-unid--3-.jpg?v=638760993237100000 | AL39: =VLOOKUP(mambo!$H39,Sheet1!B:C,2,FALSE) -> #N/A
A40: 2602 | B40: Cápsula de Café Espresso Atento Tres 3 Corações 80g com 10 Unidades | C40: 3 Corações | E40: Mambo | F40: Mercearia | H40: 7896005805718 | M40: 10 | O40: 80 | S40: Disponivel | T40: 17.98 | U40: 17.98 | V40: SUPERMERCADOS MAMBO - BR | Y40: https://www.mambo.com.br/capsula-de-cafe-espresso-atento-tres-3-coracoes-80g-com-10-unidades/p | Z40: https://mambodelivery.vteximg.com.br/arquivos/ids/227645/251087-Cafe-Espresso-Atento-Tres-3-Coracoes-8g-com-10-Capsulas.jpg?v=638762701569200000 | AA40: https://mambodelivery.vteximg.com.br/arquivos/ids/227645/251087-Cafe-Espresso-Atento-Tres-3-Coracoes-8g-com-10-Capsulas.jpg?v=638762701569200000 | AB40: https://mambodelivery.vteximg.com.br/arquivos/ids/227645/251087-Cafe-Espresso-Atento-Tres-3-Coracoes-8g-com-10-Capsulas.jpg?v=638762701569200000 | AC40: https://mambodelivery.vteximg.com.br/arquivos/ids/227646/251087-Cafe-Espresso-Atento-Tres-3-Coracoes-8g-com-10-Capsulas.jpg?v=638762701569370000 | AD40: https://mambodelivery.vteximg.com.br/arquivos/ids/227647/251087-Cafe-Espresso-Atento-Tres-3-Coracoes-8g-com-10-Capsulas.jpg?v=638762701569370000 | AE40: https://mambodelivery.vteximg.com.br/arquivos/ids/227648/251087-Cafe-Espresso-Atento-Tres-3-Coracoes-8g-com-10-Capsulas.jpg?v=638762701569370000 | AL40: =VLOOKUP(mambo!$H40,Sheet1!B:C,2,FALSE) -> #N/A
A41: 2604 | B41: Cápsula de Café Espresso Colombia L'or 52g com 10 Unidades | C41: Lor | E41: Mambo | F41: Mercearia | H41: 8711000362679 | M41: 10 | O41: 52 | S41: Disponivel | T41: 30.98 | U41: 30.98 | V41: SUPERMERCADOS MAMBO - BR | Y41: https://www.mambo.com.br/cafe-espresso-colombia-lor-52g-com-10-capsulas/p | Z41: https://mambodelivery.vteximg.com.br/arquivos/ids/232870/8711000362679-CafeemCapsulaEspressoColombiaL-orCaixa52g10Unidades-1.jpg?v=638844627661670000 | AA41: https://mambodelivery.vteximg.com.br/arquivos/ids/232870/8711000362679-CafeemCapsulaEspressoColombiaL-orCaixa52g10Unidades-1.jpg?v=638844627661670000 | AB41: https://mambodelivery.vteximg.com.br/arquivos/ids/232870/8711000362679-CafeemCapsulaEspressoColombiaL-orCaixa52g10Unidades-1.jpg?v=638844627661670000 | AC41: https://mambodelivery.vteximg.com.br/arquivos/ids/232871/image-to-upload-1.jpg?v=638844627665570000 | AD41: https://mambodelivery.vteximg.com.br/arquivos/ids/232872/8711000362679-CafeemCapsulaEspressoColombiaL-orCaixa52g10Unidades-1.jpg?v=638844627668370000 | AE41: https://mambodelivery.vteximg.com.br/arquivos/ids/232873/8711000362679-CafeemCapsulaEspressoColombiaL-orCaixa52g10Unidades-2.jpg?v=638844627671030000 | AL41: =VLOOKUP(mambo!$H41,Sheet1!B:C,2,FALSE) -> 1172532
A42: 2605 | B42: Cápsula de Café Descafeinado Tres 3 Corações 80g com 10 Unidades | C42: 3 Corações | E42: Mambo | F42: Mercearia | H42: 7896005805022 | M42: 10 | O42: 80 | S42: Disponivel | T42: 17.98 | U42: 17.98 | V42: SUPERMERCADOS MAMBO - BR | Y42: https://www.mambo.com.br/capsula-de-cafe-descafeinado-tres-3-coracoes-80g-com-10-unidades/p | Z42: https://mambodelivery.vteximg.com.br/arquivos/ids/227649/190549-Cafe-Espresso-Descafeinado-Tres-3-Coracoe-10-Capsulas-de-8g-cada.jpg?v=638762701704300000 | AA42: https://mambodelivery.vteximg.com.br/arquivos/ids/227649/190549-Cafe-Espresso-Descafeinado-Tres-3-Coracoe-10-Capsulas-de-8g-cada.jpg?v=638762701704300000 | AB42: https://mambodelivery.vteximg.com.br/arquivos/ids/227649/190549-Cafe-Espresso-Descafeinado-Tres-3-Coracoe-10-Capsulas-de-8g-cada.jpg?v=638762701704300000 | AC42: https://mambodelivery.vteximg.com.br/arquivos/ids/227650/190549-Cafe-Espresso-Descafeinado-Tres-3-Coracoe-10-Capsulas-de-8g-cada.jpg?v=638762701704630000 | AD42: https://mambodelivery.vteximg.com.br/arquivos/ids/227651/190549-Cafe-Espresso-Descafeinado-Tres-3-Coracoe-10-Capsulas-de-8g-cada.jpg?v=638762701704630000 | AE42: https://mambodelivery.vteximg.com.br/arquivos/ids/227652/190549-Cafe-Espresso-Descafeinado-Tres-3-Coracoe-10-Capsulas-de-8g-cada.jpg?v=638762701704800000 | AL42: =VLOOKUP(mambo!$H42,Sheet1!B:C,2,FALSE) -> 1042611
A43: 2606 | B43: Cápsula de Café Espresso Forza L'or 52 com 10 Unidades | C43: Lor | E43: Mambo | F43: Mercearia | H43: 8711000362570 | M43: 10 | S43: Disponivel | T43: 30.98 | U43: 30.98 | V43: SUPERMERCADOS MAMBO - BR | Y43: https://www.mambo.com.br/cafe-espresso-forza-lor-52-com-10-capsulas/p | Z43: https://mambodelivery.vteximg.com.br/arquivos/ids/160086/cafe-espresso-forza-lor-52-com-10-capsulas.jpg?v=637883139317870000 | AA43: https://mambodelivery.vteximg.com.br/arquivos/ids/160086/cafe-espresso-forza-lor-52-com-10-capsulas.jpg?v=637883139317870000 | AB43: https://mambodelivery.vteximg.com.br/arquivos/ids/160086/cafe-espresso-forza-lor-52-com-10-capsulas.jpg?v=637883139317870000 | AL43: =VLOOKUP(mambo!$H43,Sheet1!B:C,2,FALSE) -> 1130390
A44: 2607 | B44: Café em Grãos Espresso Gourmet Ituano 1kg | C44: Ituano | E44: Mambo | F44: Mercearia | H44: 7896038022526 | O44: 1 | S44: Disponivel | T44: 119.98 | U44: 119.98 | V44: SUPERMERCADOS MAMBO - BR | Y44: https://www.mambo.com.br/cafe-em-graos-espresso-gourmet-ituano-1kg/p | Z44: https://mambodelivery.vteximg.com.br/arquivos/ids/233847/163828.jpg?v=638857541561570000 | AA44: https://mambodelivery.vteximg.com.br/arquivos/ids/233847/163828.jpg?v=638857541561570000 | AB44: https://mambodelivery.vteximg.com.br/arquivos/ids/233847/163828.jpg?v=638857541561570000 | AL44: =VLOOKUP(mambo!$H44,Sheet1!B:C,2,FALSE) -> #N/A
A45: 2608 | B45: Café em Grãos Espresso Intenso Evolutto 1kg | C45: Evolutto | E45: Mambo | F45: Mercearia | H45: 7896046900175 | O45: 1 | S45: Disponivel | T45: 132.98 | U45: 132.98 | V45: SUPERMERCADOS MAMBO - BR | Y45: https://www.mambo.com.br/cafe-em-graos-espresso-intenso-evolutto-1kg/p | Z45: https://mambodelivery.vteximg.com.br/arquivos/ids/232130/191224.jpg.jpg?v=638827543266600000 | AA45: https://mambodelivery.vteximg.com.br/arquivos/ids/232130/191224.jpg.jpg?v=638827543266600000 | AB45: https://mambodelivery.vteximg.com.br/arquivos/ids/232130/191224.jpg.jpg?v=638827543266600000 | AL45: =VLOOKUP(mambo!$H45,Sheet1!B:C,2,FALSE) -> #N/A
A46: 2609 | B46: Cápsula de Café Espresso Lungo Estremo L'or 52g com 10 Unidades | C46: Lor | E46: Mambo | F46: Mercearia | H46: 7896089088335 | M46: 10 | O46: 52 | S46: Disponivel | T46: 30.98 | U46: 30.98 | V46: SUPERMERCADOS MAMBO - BR | Y46: https://www.mambo.com.br/cafe-espresso-lungo-estremo-lor-52g-com-10-capsulas/p | Z46: https://mambodelivery.vteximg.com.br/arquivos/ids/232839/7896089088335-CafeemCapsulaTorradoeMoidoLungoEspressoL-orCaixa52g10Unidades-1.jpg?v=638842069201270000 | AA46: https://mambodelivery.vteximg.com.br/arquivos/ids/232839/7896089088335-CafeemCapsulaTorradoeMoidoLungoEspressoL-orCaixa52g10Unidades-1.jpg?v=638842069201270000 | AB46: https://mambodelivery.vteximg.com.br/arquivos/ids/232839/7896089088335-CafeemCapsulaTorradoeMoidoLungoEspressoL-orCaixa52g10Unidades-1.jpg?v=638842069201270000 | AC46: https://mambodelivery.vteximg.com.br/arquivos/ids/232840/image-to-upload-1.jpg?v=638842069209000000 | AD46: https://mambodelivery.vteximg.com.br/arquivos/ids/232841/7896089088335-CafeemCapsulaTorradoeMoidoLungoEspressoL-orCaixa52g10Unidades-1.jpg?v=638842069213830000 | AE46: https://mambodelivery.vteximg.com.br/arquivos/ids/232842/7896089088335-CafeemCapsulaTorradoeMoidoLungoEspressoL-orCaixa52g10Unidades-2.jpg?v=638842069216630000 | AL46: =VLOOKUP(mambo!$H46,Sheet1!B:C,2,FALSE) -> 1130391
A47: 2611 | B47: Cápsula de Café Espresso Onyx L'or 52g com 10 Unidades | C47: Lor | E47: Mambo | F47: Mercearia | H47: 8711000362631 | M47: 10 | O47: 52 | S47: Disponivel | T47: 30.98 | U47: 30.98 | V47: SUPERMERCADOS MAMBO - BR | Y47: https://www.mambo.com.br/cafe-espresso-onyx-lor-52g-com-10-capsulas-de-aluminio/p | Z47: https://mambodelivery.vteximg.com.br/arquivos/ids/235292/8711000362631_01.jpg?v=638895780133970000 | AA47: https://mambodelivery.vteximg.com.br/arquivos/ids/235292/8711000362631_01.jpg?v=638895780133970000 | AB47: https://mambodelivery.vteximg.com.br/arquivos/ids/235292/8711000362631_01.jpg?v=638895780133970000 | AC47: https://mambodelivery.vteximg.com.br/arquivos/ids/235293/8711000362631_03.jpg?v=638895780134530000 | AD47: https://mambodelivery.vteximg.com.br/arquivos/ids/235294/8711000362631_02.jpg?v=638895780134700000 | AL47: =VLOOKUP(mambo!$H47,Sheet1!B:C,2,FALSE) -> 1130392
A48: 2612 | B48: Cápsula de Café Espresso PapuaCafé Espresso Papua L'or 52g com 10 Unidades | C48: Lor | E48: Mambo | F48: Mercearia | H48: 8711000362693 | M48: 10 | O48: 52 | S48: Indisponivel | T48: 0 | U48: 0 | Y48: https://www.mambo.com.br/cafe-espresso-papuacafe-espresso-papua-lor-52g-com-10-capsulas-de-aluminio-52g-com-10-capsulas-de-aluminio/p | Z48: https://mambodelivery.vteximg.com.br/arquivos/ids/160093/cafe-espresso-papuacafe-espresso-papua-lor-52g-com-10-capsulas-de-aluminio-52g-com-10-capsulas-de-aluminio.jpg?v=637883139419530000 | AA48: https://mambodelivery.vteximg.com.br/arquivos/ids/160093/cafe-espresso-papuacafe-espresso-papua-lor-52g-com-10-capsulas-de-aluminio-52g-com-10-capsulas-de-aluminio.jpg?v=637883139419530000 | AB48: https://mambodelivery.vteximg.com.br/arquivos/ids/160093/cafe-espresso-papuacafe-espresso-papua-lor-52g-com-10-capsulas-de-aluminio-52g-com-10-capsulas-de-aluminio.jpg?v=637883139419530000 | AL48: =VLOOKUP(mambo!$H48,Sheet1!B:C,2,FALSE) -> #N/A
A49: 2613 | B49: Cápsula de Café Espresso Pleno Tres 3 Corações 80g com 10 Unidades | C49: 3 Corações | E49: Mambo | F49: Mercearia | H49: 7896005804995 | M49: 10 | O49: 80 | S49: Disponivel | T49: 17.98 | U49: 17.98 | V49: SUPERMERCADOS MAMBO - BR | Y49: https://www.mambo.com.br/capsula-de-cafe-espresso-pleno-tres-3-coracoes-80g-com-10-unidades/p | Z49: https://mambodelivery.vteximg.com.br/arquivos/ids/211402/7896005804995-Capsula-de-Cafe-Espresso-Pleno-3-Coracoes-10-unid-01.jpg?v=638531972294370000 | AA49: https://mambodelivery.vteximg.com.br/arquivos/ids/211402/7896005804995-Capsula-de-Cafe-Espresso-Pleno-3-Coracoes-10-unid-01.jpg?v=638531972294370000 | AB49: https://mambodelivery.vteximg.com.br/arquivos/ids/211402/7896005804995-Capsula-de-Cafe-Espresso-Pleno-3-Coracoes-10-unid-01.jpg?v=638531972294370000 | AC49: https://mambodelivery.vteximg.com.br/arquivos/ids/211403/7896005804995-Capsula-de-Cafe-Espresso-Pleno-3-Coracoes-10-unid-02.jpg?v=638760995454330000 | AD49: https://mambodelivery.vteximg.com.br/arquivos/ids/211404/7896005804995-Capsula-de-Cafe-Espresso-Pleno-3-Coracoes-10-unid-03.jpg?v=638760995454500000 | AE49: https://mambodelivery.vteximg.com.br/arquivos/ids/211405/7896005804995-Capsula-de-Cafe-Espresso-Pleno-3-Coracoes-10-unid-04.jpg?v=638760995454500000 | AL49: =VLOOKUP(mambo!$H49,Sheet1!B:C,2,FALSE) -> 1042367
A50: 2614 | B50: Cápsula de Café Espresso Ristretto Descafeinado L'or 52g com 10 Unidades | C50: Lor | E50: Mambo | F50: Mercearia | H50: 8711000397466 | M50: 10 | O50: 52 | S50: Disponivel | T50: 30.98 | U50: 30.98 | V50: SUPERMERCADOS MAMBO - BR | Y50: https://www.mambo.com.br/cafe-espresso-ristretto-descafeinado-lor-52g-com-10-capsulas-de-aluminio/p | Z50: https://mambodelivery.vteximg.com.br/arquivos/ids/232965/8711000397466.jpg?v=638844773637530000 | AA50: https://mambodelivery.vteximg.com.br/arquivos/ids/232965/8711000397466.jpg?v=638844773637530000 | AB50: https://mambodelivery.vteximg.com.br/arquivos/ids/232965/8711000397466.jpg?v=638844773637530000 | AC50: https://mambodelivery.vteximg.com.br/arquivos/ids/232966/8711000397466_2.jpg?v=638844773638000000 | AD50: https://mambodelivery.vteximg.com.br/arquivos/ids/232967/8711000397466_3.jpg?v=638844773638170000 | AL50: =VLOOKUP(mambo!$H50,Sheet1!B:C,2,FALSE) -> 1172534
A51: 2616 | B51: Cápsula de Café Espresso Ristretto L'or 52g com 10 Unidades | C51: Lor | E51: Mambo | F51: Mercearia | H51: 8711000362747 | M51: 10 | O51: 52 | S51: Disponivel | T51: 30.98 | U51: 30.98 | V51: SUPERMERCADOS MAMBO - BR | Y51: https://www.mambo.com.br/cafe-espresso-ristretto-lor-52g-com-10-capsulas/p | Z51: https://mambodelivery.vteximg.com.br/arquivos/ids/232843/8711000362747-CafeemCapsulaRistrettoEspressoL-orCaixa52g10Unidades-1.jpg?v=638842070871800000 | AA51: https://mambodelivery.vteximg.com.br/arquivos/ids/232843/8711000362747-CafeemCapsulaRistrettoEspressoL-orCaixa52g10Unidades-1.jpg?v=638842070871800000 | AB51: https://mambodelivery.vteximg.com.br/arquivos/ids/232843/8711000362747-CafeemCapsulaRistrettoEspressoL-orCaixa52g10Unidades-1.jpg?v=638842070871800000 | AC51: https://mambodelivery.vteximg.com.br/arquivos/ids/232844/image-to-upload-1.jpg?v=638842070872900000 | AD51: https://mambodelivery.vteximg.com.br/arquivos/ids/232845/8711000362747-CafeemCapsulaRistrettoEspressoL-orCaixa52g10Unidades-1.jpg?v=638842070873030000 | AE51: https://mambodelivery.vteximg.com.br/arquivos/ids/232846/8711000362747-CafeemCapsulaRistrettoEspressoL-orCaixa52g10Unidades-2.jpg?v=638842070873200000 | AF51: https://mambodelivery.vteximg.com.br/arquivos/ids/232847/8711000362747-CafeemCapsulaRistrettoEspressoL-orCaixa52g10Unidades-3.jpg?v=638842070873970000 | AG51: https://mambodelivery.vteximg.com.br/arquivos/ids/232848/8711000362747-CafeemCapsulaRistrettoEspressoL-orCaixa52g10Unidades-4.jpg?v=638842070873970000 | AL51: =VLOOKUP(mambo!$H51,Sheet1!B:C,2,FALSE) -> 1130397
A52: 2618 | B52: Cápsula de Café Espresso Roast by Starbucks Nespresso 57g com 10 Unidades Cápsula de Café Espresso Roast by Nespresso Starbucks 57g com 10 Unidades | C52: Nescafé | E52: Mambo | F52: Mercearia | H52: 7613036961028 | M52: 10 | O52: 57 | S52: Indisponivel | T52: 0 | U52: 0 | Y52: https://www.mambo.com.br/capsula-de-cafe-espresso-roast-by-starbucks-nespresso-57g-com-10-unidades/p | Z52: https://mambodelivery.vteximg.com.br/arquivos/ids/231225/7613036961028-CafeemCapsulaStarbucks%C3%82%C2%AEEspressoRoastbyNespresso%C3%82%C2%AE-10capsulas-1.jpg?v=638804039796700000 | AA52: https://mambodelivery.vteximg.com.br/arquivos/ids/231225/7613036961028-CafeemCapsulaStarbucks%C3%82%C2%AEEspressoRoastbyNespresso%C3%82%C2%AE-10capsulas-1.jpg?v=638804039796700000 | AB52: https://mambodelivery.vteximg.com.br/arquivos/ids/231225/7613036961028-CafeemCapsulaStarbucks%C3%82%C2%AEEspressoRoastbyNespresso%C3%82%C2%AE-10capsulas-1.jpg?v=638804039796700000 | AC52: https://mambodelivery.vteximg.com.br/arquivos/ids/231226/7613036961028-CafeemCapsulaStarbucks%C3%82%C2%AEEspressoRoastbyNespresso%C3%82%C2%AE-10capsulas-1.jpg?v=638804041063200000 | AD52: https://mambodelivery.vteximg.com.br/arquivos/ids/231227/7613036961028-CafeemCapsulaStarbucks%C3%82%C2%AEEspressoRoastbyNespresso%C3%82%C2%AE-10capsulas-3.jpg?v=638804041063200000 | AE52: https://mambodelivery.vteximg.com.br/arquivos/ids/231228/7613036961028-CafeemCapsulaStarbucks%C3%82%C2%AEEspressoRoastbyNespresso%C3%82%C2%AE-10capsulas-4.jpg?v=638804041063330000 | AF52: https://mambodelivery.vteximg.com.br/arquivos/ids/231229/7613036961028-CafeemCapsulaStarbucks%C3%82%C2%AEEspressoRoastbyNespresso%C3%82%C2%AE-10capsulas-5.jpg?v=638804041063330000 | AG52: https://mambodelivery.vteximg.com.br/arquivos/ids/231230/7613036961028-CafeemCapsulaStarbucks%C3%82%C2%AEEspressoRoastbyNespresso%C3%82%C2%AE-10capsulas-6.jpg?v=638804041063330000 | AH52: https://mambodelivery.vteximg.com.br/arquivos/ids/231231/7613036961028-CafeemCapsulaStarbucks%C3%82%C2%AEEspressoRoastbyNespresso%C3%82%C2%AE-10capsulas-7.jpg?v=638804041063330000 | AI52: https://mambodelivery.vteximg.com.br/arquivos/ids/231232/7613036961028-CafeemCapsulaStarbucks%C3%82%C2%AEEspressoRoastbyNespresso%C3%82%C2%AE-10capsulas-8.jpg?v=638804041063330000 | AJ52: https://mambodelivery.vteximg.com.br/arquivos/ids/231233/7613036961028-CafeemCapsulaStarbucks%C3%82%C2%AEEspressoRoastbyNespresso%C3%82%C2%AE-10capsulas-9.jpg?v=638804041063330000 | AL52: =VLOOKUP(mambo!$H52,Sheet1!B:C,2,FALSE) -> 1194406
A53: 2619 | B53: Cápsula de Café Espresso Select Orgânico Native 50g com 10 Unidades | C53: Native | E53: Mambo | F53: Mercearia | H53: 7898206502915 | M53: 10 | O53: 50 | S53: Disponivel | T53: 29.98 | U53: 29.98 | V53: SUPERMERCADOS MAMBO - BR | Y53: https://www.mambo.com.br/capsula-de-cafe-espresso-select-organico-native-50g-com-10-unidades/p | Z53: https://mambodelivery.vteximg.com.br/arquivos/ids/160117/cafe-espresso-select-organico-native-50g-com-10-capsulas.jpg?v=637883139723100000 | AA53: https://mambodelivery.vteximg.com.br/arquivos/ids/160117/cafe-espresso-select-organico-native-50g-com-10-capsulas.jpg?v=637883139723100000 | AB53: https://mambodelivery.vteximg.com.br/arquivos/ids/160117/cafe-espresso-select-organico-native-50g-com-10-capsulas.jpg?v=637883139723100000 | AL53: =VLOOKUP(mambo!$H53,Sheet1!B:C,2,FALSE) -> #N/A
A54: 2620 | B54: Cápsula de Café Espresso Sontuoso L'or 52g com 10 Unidades | C54: Lor | E54: Mambo | F54: Mercearia | H54: 8711000362556 | M54: 10 | O54: 52 | S54: Disponivel | T54: 30.98 | U54: 30.98 | V54: SUPERMERCADOS MAMBO - BR | Y54: https://www.mambo.com.br/cafe-espresso-sontuoso-lor-52g-com-10-capsulas-de-aluminio/p | Z54: https://mambodelivery.vteximg.com.br/arquivos/ids/235287/8711000362556_01.jpg?v=638895772185430000 | AA54: https://mambodelivery.vteximg.com.br/arquivos/ids/235287/8711000362556_01.jpg?v=638895772185430000 | AB54: https://mambodelivery.vteximg.com.br/arquivos/ids/235287/8711000362556_01.jpg?v=638895772185430000 | AC54: https://mambodelivery.vteximg.com.br/arquivos/ids/235288/8711000362556_02.jpg?v=638895772185600000 | AD54: https://mambodelivery.vteximg.com.br/arquivos/ids/235289/8711000362556_03.jpg?v=638895772185600000 | AE54: https://mambodelivery.vteximg.com.br/arquivos/ids/235290/8711000362556_04.jpg?v=638895772185770000 | AF54: https://mambodelivery.vteximg.com.br/arquivos/ids/235291/8711000362556_05.jpg?v=638895772185770000 | AL54: =VLOOKUP(mambo!$H54,Sheet1!B:C,2,FALSE) -> 1130399
A55: 2622 | B55: Café em Grãos Espresso Superior Ituano 1kg | C55: Ituano | E55: Mambo | F55: Mercearia | H55: 7896038000029 | O55: 1 | S55: Disponivel | T55: 115.98 | U55: 115.98 | V55: SUPERMERCADOS MAMBO - BR | Y55: https://www.mambo.com.br/cafe-em-graos-espresso-superior-ituano-1kg/p | Z55: https://mambodelivery.vteximg.com.br/arquivos/ids/233849/163827.jpg?v=638857542960930000 | AA55: https://mambodelivery.vteximg.com.br/arquivos/ids/233849/163827.jpg?v=638857542960930000 | AB55: https://mambodelivery.vteximg.com.br/arquivos/ids/233849/163827.jpg?v=638857542960930000 | AL55: =VLOOKUP(mambo!$H55,Sheet1!B:C,2,FALSE) -> #N/A
A56: 2623 | B56: Cápsula de Café Espresso Supremo Tres 3 Corações 80g com 10 Unidades | C56: 3 Corações | E56: Mambo | F56: Mercearia | H56: 7896005805008 | M56: 10 | O56: 80 | S56: Disponivel | T56: 17.98 | U56: 17.98 | V56: SUPERMERCADOS MAMBO - BR | Y56: https://www.mambo.com.br/capsula-de-cafe-espresso-supremo-tres-3-coracoes-80g-com-10-unidades/p | Z56: https://mambodelivery.vteximg.com.br/arquivos/ids/227657/190693-Cafe-Espresso-Supremo-Tres-3-Coracoes-com-10-Capsulas-de-7g.jpg?v=638762701962230000 | AA56: https://mambodelivery.vteximg.com.br/arquivos/ids/227657/190693-Cafe-Espresso-Supremo-Tres-3-Coracoes-com-10-Capsulas-de-7g.jpg?v=638762701962230000 | AB56: https://mambodelivery.vteximg.com.br/arquivos/ids/227657/190693-Cafe-Espresso-Supremo-Tres-3-Coracoes-com-10-Capsulas-de-7g.jpg?v=638762701962230000 | AC56: https://mambodelivery.vteximg.com.br/arquivos/ids/227658/190693-Cafe-Espresso-Supremo-Tres-3-Coracoes-com-10-Capsulas-de-7g.jpg?v=638762701962400000 | AD56: https://mambodelivery.vteximg.com.br/arquivos/ids/227659/190693-Cafe-Espresso-Supremo-Tres-3-Coracoes-com-10-Capsulas-de-7g.jpg?v=638762701962400000 | AE56: https://mambodelivery.vteximg.com.br/arquivos/ids/227660/190693-Cafe-Espresso-Supremo-Tres-3-Coracoes-com-10-Capsulas-de-7g.jpg?v=638762701962400000 | AL56: =VLOOKUP(mambo!$H56,Sheet1!B:C,2,FALSE) -> 1042366
A57: 2625 | B57: Cápsula de Café Espresso Vibrante Tres 3 Corações 80g com 10 Unidades | C57: 3 Corações | E57: Mambo | F57: Mercearia | H57: 7896005805015 | M57: 10 | O57: 80 | S57: Disponivel | T57: 17.98 | U57: 17.98 | V57: SUPERMERCADOS MAMBO - BR | Y57: https://www.mambo.com.br/capsula-de-cafe-espresso-vibrante-tres-3-coracoes-80g-com-10-unidades/p | Z57: https://mambodelivery.vteximg.com.br/arquivos/ids/214384/190546-Cafe-Espresso-Vibrante-Tres-3-Coracoes-10-Capsulas-de-8g-cada.jpg?v=638549268675430000 | AA57: https://mambodelivery.vteximg.com.br/arquivos/ids/214384/190546-Cafe-Espresso-Vibrante-Tres-3-Coracoes-10-Capsulas-de-8g-cada.jpg?v=638549268675430000 | AB57: https://mambodelivery.vteximg.com.br/arquivos/ids/214384/190546-Cafe-Espresso-Vibrante-Tres-3-Coracoes-10-Capsulas-de-8g-cada.jpg?v=638549268675430000 | AC57: https://mambodelivery.vteximg.com.br/arquivos/ids/214385/190546-Cafe-Espresso-Vibrante-Tres-3-Coracoes-10-Capsulas-de-8g-cada--2-.jpg?v=638755871495600000 | AD57: https://mambodelivery.vteximg.com.br/arquivos/ids/214386/190546-Cafe-Espresso-Vibrante-Tres-3-Coracoes-10-Capsulas-de-8g-cada--3-.jpg?v=638755871495730000 | AE57: https://mambodelivery.vteximg.com.br/arquivos/ids/214387/190546-Cafe-Espresso-Vibrante-Tres-3-Coracoes-10-Capsulas-de-8g-cada--4-.jpg?v=638755871495730000 | AL57: =VLOOKUP(mambo!$H57,Sheet1!B:C,2,FALSE) -> 1042369
A58: 2631 | B58: Cápsula de Café Expresso em Cápsula Guatemala L'or 52g com 10 Unidades | C58: Lor | E58: Mambo | F58: Mercearia | H58: 8711000460214 | M58: 10 | O58: 52 | S58: Disponivel | T58: 30.98 | U58: 30.98 | V58: SUPERMERCADOS MAMBO - BR | Y58: https://www.mambo.com.br/cafe-expresso-em-capsula-guatemala-lor-52g-10-unidades/p | Z58: https://mambodelivery.vteximg.com.br/arquivos/ids/238615/cafe-expresso-em-capsula-guatemala-lor-52g-10-unidades_1.jpg?v=638948348400700000 | AA58: https://mambodelivery.vteximg.com.br/arquivos/ids/238615/cafe-expresso-em-capsula-guatemala-lor-52g-10-unidades_1.jpg?v=638948348400700000 | AB58: https://mambodelivery.vteximg.com.br/arquivos/ids/238615/cafe-expresso-em-capsula-guatemala-lor-52g-10-unidades_1.jpg?v=638948348400700000 | AC58: https://mambodelivery.vteximg.com.br/arquivos/ids/238616/cafe-expresso-em-capsula-guatemala-lor-52g-10-unidades.jpg?v=638948348401000000 | AD58: https://mambodelivery.vteximg.com.br/arquivos/ids/238617/cafe-expresso-em-capsula-guatemala-lor-52g-10-unidades_2.jpg?v=638948348401000000 | AE58: https://mambodelivery.vteximg.com.br/arquivos/ids/238618/cafe-expresso-em-capsula-guatemala-lor-52g-10-unidades_3.jpg?v=638948348401170000 | AL58: =VLOOKUP(mambo!$H58,Sheet1!B:C,2,FALSE) -> 1238073
A59: 2633 | B59: Cápsula de Café Expresso Índia L'or 52g com 10 Unidades | C59: Lor | E59: Mambo | F59: Mercearia | H59: 8711000431108 | M59: 10 | O59: 52 | S59: Disponivel | T59: 30.98 | U59: 30.98 | V59: SUPERMERCADOS MAMBO - BR | Y59: https://www.mambo.com.br/cafe-expresso-em-capsula-india-lor-52g-10-unidades/p | Z59: https://mambodelivery.vteximg.com.br/arquivos/ids/232780/8711000431108_1_1_1200_72_SRGB.jpg?v=638841306839900000 | AA59: https://mambodelivery.vteximg.com.br/arquivos/ids/232780/8711000431108_1_1_1200_72_SRGB.jpg?v=638841306839900000 | AB59: https://mambodelivery.vteximg.com.br/arquivos/ids/232780/8711000431108_1_1_1200_72_SRGB.jpg?v=638841306839900000 | AC59: https://mambodelivery.vteximg.com.br/arquivos/ids/232781/image-to-upload-1.jpg?v=638841307923700000 | AD59: https://mambodelivery.vteximg.com.br/arquivos/ids/232782/8711000431108_1_1_1200_72_SRGB.jpg?v=638841307923830000 | AL59: =VLOOKUP(mambo!$H59,Sheet1!B:C,2,FALSE) -> 1219239
A60: 2638 | B60: Café Torrado e Moído Extra Forte a Vácuo 3 Corações 250g | C60: 3 Corações | E60: Mambo | F60: Mercearia | H60: 7896005801819 | O60: 250 | S60: Disponivel | T60: 25.98 | U60: 25.98 | V60: SUPERMERCADOS MAMBO - BR | Y60: https://www.mambo.com.br/cafe-torrado-e-moido-extra-forte-a-vacuo-3-coracoes-250g/p | Z60: https://mambodelivery.vteximg.com.br/arquivos/ids/227311/cafe-extra-forte-a-vacuo-3-coracoes-250g_1.jpg?v=638761938742300000 | AA60: https://mambodelivery.vteximg.com.br/arquivos/ids/227311/cafe-extra-forte-a-vacuo-3-coracoes-250g_1.jpg?v=638761938742300000 | AB60: https://mambodelivery.vteximg.com.br/arquivos/ids/227311/cafe-extra-forte-a-vacuo-3-coracoes-250g_1.jpg?v=638761938742300000 | AC60: https://mambodelivery.vteximg.com.br/arquivos/ids/227312/cafe-extra-forte-a-vacuo-3-coracoes-250g.jpg?v=638761938742600000 | AD60: https://mambodelivery.vteximg.com.br/arquivos/ids/227313/cafe-extra-forte-a-vacuo-3-coracoes-250g_2.jpg?v=638761938742600000 | AE60: https://mambodelivery.vteximg.com.br/arquivos/ids/227314/cafe-extra-forte-a-vacuo-3-coracoes-250g_3.jpg?v=638761938742600000 | AF60: https://mambodelivery.vteximg.com.br/arquivos/ids/227315/cafe-extra-forte-a-vacuo-3-coracoes-250g_4.jpg?v=638761938742770000 | AG60: https://mambodelivery.vteximg.com.br/arquivos/ids/227316/cafe-extra-forte-a-vacuo-3-coracoes-250g_5.jpg?v=638761938742770000 | AH60: https://mambodelivery.vteximg.com.br/arquivos/ids/227317/cafe-extra-forte-a-vacuo-3-coracoes-250g_6.jpg?v=638761938742770000 | AL60: =VLOOKUP(mambo!$H60,Sheet1!B:C,2,FALSE) -> 1596441
A61: 2640 | B61: Café Torrado e Moído Extra Forte a Vácuo Melitta 500g | C61: Melitta | E61: Mambo | F61: Mercearia | H61: 7891021006934 | O61: 500 | S61: Disponivel | T61: 31.99 | U61: 31.99 | V61: SUPERMERCADOS MAMBO - BR | Y61: https://www.mambo.com.br/cafe-torrado-e-moido-extra-forte-a-vacuo-melitta-500g/p | Z61: https://mambodelivery.vteximg.com.br/arquivos/ids/227180/cafe-extra-forte-a-vacuo-melitta-500g_1.jpg?v=638760217760570000 | AA61: https://mambodelivery.vteximg.com.br/arquivos/ids/227180/cafe-extra-forte-a-vacuo-melitta-500g_1.jpg?v=638760217760570000 | AB61: https://mambodelivery.vteximg.com.br/arquivos/ids/227180/cafe-extra-forte-a-vacuo-melitta-500g_1.jpg?v=638760217760570000 | AC61: https://mambodelivery.vteximg.com.br/arquivos/ids/227181/cafe-extra-forte-a-vacuo-melitta-500g.jpg?v=638760217760870000 | AL61: =VLOOKUP(mambo!$H61,Sheet1!B:C,2,FALSE) -> 1855029
A62: 2641 | B62: Café Torrado e Moído Extra Forte a Vácuo Pilão 500g | C62: Pilão | E62: Mambo | F62: Mercearia | H62: 7896089013405 | O62: 500 | S62: Disponivel | T62: 43.49 | U62: 43.49 | V62: SUPERMERCADOS MAMBO - BR | Y62: https://www.mambo.com.br/cafe-torrado-e-moido-extra-forte-a-vacuo-pilao-500g/p | Z62: https://mambodelivery.vteximg.com.br/arquivos/ids/232930/7896089013405_01.jpg?v=638844682630100000 | AA62: https://mambodelivery.vteximg.com.br/arquivos/ids/232930/7896089013405_01.jpg?v=638844682630100000 | AB62: https://mambodelivery.vteximg.com.br/arquivos/ids/232930/7896089013405_01.jpg?v=638844682630100000 | AC62: https://mambodelivery.vteximg.com.br/arquivos/ids/232931/7896089013405_02.jpg?v=638844682630230000 | AD62: https://mambodelivery.vteximg.com.br/arquivos/ids/232932/7896089013405_03.jpg?v=638844682630400000 | AL62: =VLOOKUP(mambo!$H62,Sheet1!B:C,2,FALSE) -> 1038722
A63: 2643 | B63: Café Torrado e Moído Extraforte 3 Corações Pacote 250g | C63: 3 Corações | E63: Mambo | F63: Mercearia | H63: 7896005801512 | O63: 250 | S63: Disponivel | T63: 25.49 | U63: 25.49 | V63: SUPERMERCADOS MAMBO - BR | Y63: https://www.mambo.com.br/cafe-torrado-e-moido-extraforte-3-coracoes-pacote-250g/p | Z63: https://mambodelivery.vteximg.com.br/arquivos/ids/227148/cafe-extra-forte-almofada-3-coracoes-250g_1.jpg?v=638760129380070000 | AA63: https://mambodelivery.vteximg.com.br/arquivos/ids/227148/cafe-extra-forte-almofada-3-coracoes-250g_1.jpg?v=638760129380070000 | AB63: https://mambodelivery.vteximg.com.br/arquivos/ids/227148/cafe-extra-forte-almofada-3-coracoes-250g_1.jpg?v=638760129380070000 | AC63: https://mambodelivery.vteximg.com.br/arquivos/ids/227149/cafe-extra-forte-almofada-3-coracoes-250g.jpg?v=638760129380230000 | AD63: https://mambodelivery.vteximg.com.br/arquivos/ids/227150/cafe-extra-forte-almofada-3-coracoes-250g_2.jpg?v=638760129380400000 | AE63: https://mambodelivery.vteximg.com.br/arquivos/ids/227151/cafe-extra-forte-almofada-3-coracoes-250g_3.jpg?v=638760129380400000 | AF63: https://mambodelivery.vteximg.com.br/arquivos/ids/227152/cafe-extra-forte-almofada-3-coracoes-250g_4.jpg?v=638760129380400000 | AG63: https://mambodelivery.vteximg.com.br/arquivos/ids/227153/cafe-extra-forte-almofada-3-coracoes-250g_5.jpg?v=638760129380530000 | AH63: https://mambodelivery.vteximg.com.br/arquivos/ids/227154/cafe-extra-forte-almofada-3-coracoes-250g_6.jpg?v=638760129380530000 | AL63: =VLOOKUP(mambo!$H63,Sheet1!B:C,2,FALSE) -> 0281225
A64: 2644 | B64: Café Torrado e Moído Extra Forte 3 Corações 500g | C64: 3 Corações | E64: Mambo | F64: Mercearia | H64: 7896005801529 | O64: 500 | S64: Disponivel | T64: 27.99 | U64: 27.99 | V64: SUPERMERCADOS MAMBO - BR | Y64: https://www.mambo.com.br/cafe-torrado-e-moido-extra-forte-3-coracoes-500g/p | Z64: https://mambodelivery.vteximg.com.br/arquivos/ids/214409/7896005801529Cafe-Extra-Forte-Almofada-3-Coracoes-500g--3-.png?v=638549382047300000 | AA64: https://mambodelivery.vteximg.com.br/arquivos/ids/214409/7896005801529Cafe-Extra-Forte-Almofada-3-Coracoes-500g--3-.png?v=638549382047300000 | AB64: https://mambodelivery.vteximg.com.br/arquivos/ids/214409/7896005801529Cafe-Extra-Forte-Almofada-3-Coracoes-500g--3-.png?v=638549382047300000 | AC64: https://mambodelivery.vteximg.com.br/arquivos/ids/214410/7896005801529Cafe-Extra-Forte-Almofada-3-Coracoes-500g--2-.png?v=638549382297030000 | AD64: https://mambodelivery.vteximg.com.br/arquivos/ids/214411/7896005801529Cafe-Extra-Forte-Almofada-3-Coracoes-500g--4-.png?v=638549382412430000 | AE64: https://mambodelivery.vteximg.com.br/arquivos/ids/214412/7896005801529Cafe-Extra-Forte-Almofada-3-Coracoes-500g--6-.png?v=638549382527230000 | AF64: https://mambodelivery.vteximg.com.br/arquivos/ids/214413/7896005801529Cafe-Extra-Forte-Almofada-3-Coracoes-500g--5-.png?v=638549382617870000 | AL64: =VLOOKUP(mambo!$H64,Sheet1!B:C,2,FALSE) -> 0183567
A65: 2647 | B65: Café Torrado e Moído Extra Forte Floresta 500g | C65: Cafe Floresta | E65: Mambo | F65: Mercearia | H65: 7896393801224 | O65: 500 | S65: Disponivel | T65: 34.98 | U65: 34.98 | V65: SUPERMERCADOS MAMBO - BR | Y65: https://www.mambo.com.br/cafe-extra-forte-almofada-floresta-500g/p | Z65: https://mambodelivery.vteximg.com.br/arquivos/ids/160185/cafe-extra-forte-almofada-floresta-500g.jpg?v=637883140560470000 | AA65: https://mambodelivery.vteximg.com.br/arquivos/ids/160185/cafe-extra-forte-almofada-floresta-500g.jpg?v=637883140560470000 | AB65: https://mambodelivery.vteximg.com.br/arquivos/ids/160185/cafe-extra-forte-almofada-floresta-500g.jpg?v=637883140560470000 | AL65: =VLOOKUP(mambo!$H65,Sheet1!B:C,2,FALSE) -> #N/A
A66: 2648 | B66: Café Torrado e Moído Extra Forte Café Pelé 500g | C66: Café Pelé | E66: Mambo | F66: Mercearia | H66: 7892222310509 | O66: 500 | S66: Disponivel | T66: 36.98 | U66: 36.98 | V66: SUPERMERCADOS MAMBO - BR | Y66: https://www.mambo.com.br/cafe-torrado-e-moido-extra-forte-cafe-pele-500g/p | Z66: https://mambodelivery.vteximg.com.br/arquivos/ids/160186/cafe-extra-forte-almofada-pele-500g.jpg?v=637883140574570000 | AA66: https://mambodelivery.vteximg.com.br/arquivos/ids/160186/cafe-extra-forte-almofada-pele-500g.jpg?v=637883140574570000 | AB66: https://mambodelivery.vteximg.com.br/arquivos/ids/160186/cafe-extra-forte-almofada-pele-500g.jpg?v=637883140574570000 | AL66: =VLOOKUP(mambo!$H66,Sheet1!B:C,2,FALSE) -> #N/A
A67: 2649 | B67: Café Torrado e Moído Extra Forte Pilão 500g | C67: Pilão | E67: Mambo | F67: Mercearia | H67: 7896089013399 | O67: 500 | S67: Disponivel | T67: 43.49 | U67: 43.49 | V67: SUPERMERCADOS MAMBO - BR | Y67: https://www.mambo.com.br/cafe-torrado-e-moido-extra-forte-pilao-500g/p | Z67: https://mambodelivery.vteximg.com.br/arquivos/ids/232836/7896089013399_1_1_1200_72_SRGB.jpg?v=638842067761170000 | AA67: https://mambodelivery.vteximg.com.br/arquivos/ids/232836/7896089013399_1_1_1200_72_SRGB.jpg?v=638842067761170000 | AB67: https://mambodelivery.vteximg.com.br/arquivos/ids/232836/7896089013399_1_1_1200_72_SRGB.jpg?v=638842067761170000 | AC67: https://mambodelivery.vteximg.com.br/arquivos/ids/232837/image-to-upload-1.jpg?v=638842067761630000 | AD67: https://mambodelivery.vteximg.com.br/arquivos/ids/232838/7896089013399_1_1_1200_72_SRGB.jpg?v=638842067761630000 | AL67: =VLOOKUP(mambo!$H67,Sheet1!B:C,2,FALSE) -> 1038723
A68: 2650 | B68: Café Torrado e Moído Extra Forte Aviação 500g | C68: Aviação | E68: Mambo | F68: Mercearia | H68: 7896331100853 | O68: 500 | S68: Disponivel | T68: 54.98 | U68: 54.98 | V68: SUPERMERCADOS MAMBO - BR | Y68: https://www.mambo.com.br/cafe-extra-forte-aviacao-500g/p | Z68: https://mambodelivery.vteximg.com.br/arquivos/ids/160188/cafe-extra-forte-aviacao-500g.jpg?v=637883140600700000 | AA68: https://mambodelivery.vteximg.com.br/arquivos/ids/160188/cafe-extra-forte-aviacao-500g.jpg?v=637883140600700000 | AB68: https://mambodelivery.vteximg.com.br/arquivos/ids/160188/cafe-extra-forte-aviacao-500g.jpg?v=637883140600700000 | AL68: =VLOOKUP(mambo!$H68,Sheet1!B:C,2,FALSE) -> #N/A
A69: 2654 | B69: Cápsula de Café Filtrado Clássico Drip Coffee Orfeu 100g com 10 Unidades | C69: Orfeu | E69: Mambo | F69: Mercearia | H69: 7898665831823 | M69: 10 | O69: 100 | S69: Disponivel | T69: 40.49 | U69: 40.49 | V69: SUPERMERCADOS MAMBO - BR | Y69: https://www.mambo.com.br/cafe-filtrado-classico-drip-coffee-orfeu-100g-10-capsulas/p | Z69: https://mambodelivery.vteximg.com.br/arquivos/ids/237261/270761.jpg?v=638931080691830000 | AA69: https://mambodelivery.vteximg.com.br/arquivos/ids/237261/270761.jpg?v=638931080691830000 | AB69: https://mambodelivery.vteximg.com.br/arquivos/ids/237261/270761.jpg?v=638931080691830000 | AL69: =VLOOKUP(mambo!$H69,Sheet1!B:C,2,FALSE) -> #N/A
A70: 2655 | B70: Cápsula de Café Filtrado Tradicional Tres 3 Corações 80g com 10 Unidades | C70: 3 Corações | E70: Mambo | F70: Mercearia | H70: 7896005805107 | M70: 10 | O70: 80 | S70: Disponivel | T70: 17.98 | U70: 17.98 | V70: SUPERMERCADOS MAMBO - BR | Y70: https://www.mambo.com.br/capsula-de-cafe-filtrado-tradicional-tres-3-coracoes-80g-com-10-unidades/p | Z70: https://mambodelivery.vteximg.com.br/arquivos/ids/211414/7896005805107-Capsula-de-Cafe-Filtrado-Tradicional-3-Coracoes-10-unid-01.jpg?v=638531989688430000 | AA70: https://mambodelivery.vteximg.com.br/arquivos/ids/211414/7896005805107-Capsula-de-Cafe-Filtrado-Tradicional-3-Coracoes-10-unid-01.jpg?v=638531989688430000 | AB70: https://mambodelivery.vteximg.com.br/arquivos/ids/211414/7896005805107-Capsula-de-Cafe-Filtrado-Tradicional-3-Coracoes-10-unid-01.jpg?v=638531989688430000 | AC70: https://mambodelivery.vteximg.com.br/arquivos/ids/211416/7896005805107-Capsula-de-Cafe-Filtrado-Tradicional-3-Coracoes-10-unid-02.jpg?v=638760997632470000 | AD70: https://mambodelivery.vteximg.com.br/arquivos/ids/211418/7896005805107-Capsula-de-Cafe-Filtrado-Tradicional-3-Coracoes-10-unid-04.jpg?v=638760997632470000 | AE70: https://mambodelivery.vteximg.com.br/arquivos/ids/211420/7896005805107-Capsula-de-Cafe-Filtrado-Tradicional-3-Coracoes-10-unid-05.jpg?v=638760997632470000 | AL70: =VLOOKUP(mambo!$H70,Sheet1!B:C,2,FALSE) -> 1042386
A71: 2656 | B71: Cápsula de Café Filtrado Gourmet Tres 3 Corações 75g com 10 Unidades | C71: 3 Corações | E71: Mambo | F71: Mercearia | H71: 7896005805114 | M71: 10 | O71: 75 | S71: Indisponivel | T71: 0 | U71: 0 | Y71: https://www.mambo.com.br/capsula-de-cafe-filtrado-gourmet-tres-3-coracoes-75g-com-10-unidades/p | Z71: https://mambodelivery.vteximg.com.br/arquivos/ids/211410/7896005805114-Capsula-de-Cafe-Filtrado-Gourmet-3-Coracoes-10-unid-01.jpg?v=638531975053430000 | AA71: https://mambodelivery.vteximg.com.br/arquivos/ids/211410/7896005805114-Capsula-de-Cafe-Filtrado-Gourmet-3-Coracoes-10-unid-01.jpg?v=638531975053430000 | AB71: https://mambodelivery.vteximg.com.br/arquivos/ids/211410/7896005805114-Capsula-de-Cafe-Filtrado-Gourmet-3-Coracoes-10-unid-01.jpg?v=638531975053430000 | AC71: https://mambodelivery.vteximg.com.br/arquivos/ids/211411/7896005805114-Capsula-de-Cafe-Filtrado-Gourmet-3-Coracoes-10-unid-02.jpg?v=638760997337970000 | AD71: https://mambodelivery.vteximg.com.br/arquivos/ids/211412/7896005805114-Capsula-de-Cafe-Filtrado-Gourmet-3-Coracoes-10-unid-03.jpg?v=638760997337970000 | AE71: https://mambodelivery.vteximg.com.br/arquivos/ids/211413/7896005805114-Capsula-de-Cafe-Filtrado-Gourmet-3-Coracoes-10-unid-04.jpg?v=638760997337970000 | AL71: =VLOOKUP(mambo!$H71,Sheet1!B:C,2,FALSE) -> 1042387
A72: 2657 | B72: Cápsula de Café Filtrado Intenso Drip Coffee Orfeu 100g com 10 Unidades | C72: Orfeu | E72: Mambo | F72: Mercearia | H72: 7898912704191 | M72: 10 | O72: 100 | S72: Disponivel | T72: 40.49 | U72: 40.49 | V72: SUPERMERCADOS MAMBO - BR | Y72: https://www.mambo.com.br/cafe-filtrado-intenso-drip-coffee-orfeu-100g-10-capsulas/p | Z72: https://mambodelivery.vteximg.com.br/arquivos/ids/160206/cafc3a9-filtrado-intenso-drip-coffee-orfeu-100g-10-cc3a1psulas.jpg?v=637883140839330000 | AA72: https://mambodelivery.vteximg.com.br/arquivos/ids/160206/cafc3a9-filtrado-intenso-drip-coffee-orfeu-100g-10-cc3a1psulas.jpg?v=637883140839330000 | AB72: https://mambodelivery.vteximg.com.br/arquivos/ids/160206/cafc3a9-filtrado-intenso-drip-coffee-orfeu-100g-10-cc3a1psulas.jpg?v=637883140839330000 | AC72: https://mambodelivery.vteximg.com.br/arquivos/ids/160207/cafc3a9-filtrado-intenso-drip-coffee-orfeu-100g-10-cc3a1psulas_1.jpg?v=637883140850930000 | AD72: https://mambodelivery.vteximg.com.br/arquivos/ids/160208/cafc3a9-filtrado-intenso-drip-coffee-orfeu-100g-10-cc3a1psulas_2.jpg?v=637883140861270000 | AL72: =VLOOKUP(mambo!$H72,Sheet1!B:C,2,FALSE) -> #N/A
A73: 2659 | B73: Café Torrado e Moído Gold Equilibrado Nescafé 250g | C73: Nescafé | E73: Mambo | F73: Mercearia | H73: 7891000283783 | O73: 250 | S73: Disponivel | T73: 38.98 | U73: 38.98 | V73: SUPERMERCADOS MAMBO - BR | Y73: https://www.mambo.com.br/cafe-gold-equilibrado-nescafe-250g/p | Z73: https://mambodelivery.vteximg.com.br/arquivos/ids/239894/7891000283783---Cafe-Torrado-e-Moido-NESCAFE-Gold-250g---1.jpg?v=638978762213700000 | AA73: https://mambodelivery.vteximg.com.br/arquivos/ids/239894/7891000283783---Cafe-Torrado-e-Moido-NESCAFE-Gold-250g---1.jpg?v=638978762213700000 | AB73: https://mambodelivery.vteximg.com.br/arquivos/ids/239894/7891000283783---Cafe-Torrado-e-Moido-NESCAFE-Gold-250g---1.jpg?v=638978762213700000 | AC73: https://mambodelivery.vteximg.com.br/arquivos/ids/239895/7891000283783---Cafe-Torrado-e-Moido-NESCAFE-Gold-250g---1.jpg?v=638978762214170000 | AD73: https://mambodelivery.vteximg.com.br/arquivos/ids/239896/7891000283783---Cafe-Torrado-e-Moido-NESCAFE-Gold-250g---2.jpg?v=638978762214330000 | AE73: https://mambodelivery.vteximg.com.br/arquivos/ids/239897/7891000283783---Cafe-Torrado-e-Moido-NESCAFE-Gold-250g---3.jpg?v=638978762214630000 | AF73: https://mambodelivery.vteximg.com.br/arquivos/ids/239898/7891000283783---Cafe-Torrado-e-Moido-NESCAFE-Gold-250g---4.jpg?v=638978762214800000 | AG73: https://mambodelivery.vteximg.com.br/arquivos/ids/239899/7891000283783---Cafe-Torrado-e-Moido-NESCAFE-Gold-250g---5.jpg?v=638978762214970000 | AH73: https://mambodelivery.vteximg.com.br/arquivos/ids/239900/7891000283783---Cafe-Torrado-e-Moido-NESCAFE-Gold-250g---6.jpg?v=638978762215270000 | AL73: =VLOOKUP(mambo!$H73,Sheet1!B:C,2,FALSE) -> 1201945
A74: 2663 | B74: Café Torrado e Moído Gourmet Cerrado Mineiro 3 Corações 250g | C74: 3 Corações | E74: Mambo | F74: Mercearia | H74: 7896045101658 | O74: 250 | S74: Disponivel | T74: 25.99 | U74: 25.99 | V74: SUPERMERCADOS MAMBO - BR | Y74: https://www.mambo.com.br/cafe-torrado-e-moido-gourmet-cerrado-mineiro-3-coracoes-250g/p | Z74: https://mambodelivery.vteximg.com.br/arquivos/ids/214433/7896045101658Cafe-Gourmet-Cerrado-Mineiro-3-Coracoes-250g.png?v=638549407652700000 | AA74: https://mambodelivery.vteximg.com.br/arquivos/ids/214433/7896045101658Cafe-Gourmet-Cerrado-Mineiro-3-Coracoes-250g.png?v=638549407652700000 | AB74: https://mambodelivery.vteximg.com.br/arquivos/ids/214433/7896045101658Cafe-Gourmet-Cerrado-Mineiro-3-Coracoes-250g.png?v=638549407652700000 | AC74: https://mambodelivery.vteximg.com.br/arquivos/ids/214434/7896045101658Cafe-Gourmet-Cerrado-Mineiro-3-Coracoes-250g02.png?v=638549407812300000 | AD74: https://mambodelivery.vteximg.com.br/arquivos/ids/214435/7896045101658Cafe-Gourmet-Cerrado-Mineiro-3-Coracoes-250g03.png?v=638549408032270000 | AE74: https://mambodelivery.vteximg.com.br/arquivos/ids/214436/7896045101658Cafe-Gourmet-Cerrado-Mineiro-3-Coracoes-250g04.png?v=638549408145230000 | AF74: https://mambodelivery.vteximg.com.br/arquivos/ids/214437/7896045101658Cafe-Gourmet-Cerrado-Mineiro-3-Coracoes-250g05.png?v=638549408319200000 | AL74: =VLOOKUP(mambo!$H74,Sheet1!B:C,2,FALSE) -> 1239489
A75: 2665 | B75: Café em Grãos Gourmet Toledo 500g | C75: Café Toledo | E75: Mambo | F75: Mercearia | H75: 7898376450177 | O75: 500 | S75: Disponivel | T75: 65.99 | U75: 65.99 | V75: SUPERMERCADOS MAMBO - BR | Y75: https://www.mambo.com.br/cafe-gourmet-em-grao-toledo-500g/p | Z75: https://mambodelivery.vteximg.com.br/arquivos/ids/160241/cafe-gourmet-em-grao-toledo-500g.jpg?v=637883141239700000 | AA75: https://mambodelivery.vteximg.com.br/arquivos/ids/160241/cafe-gourmet-em-grao-toledo-500g.jpg?v=637883141239700000 | AB75: https://mambodelivery.vteximg.com.br/arquivos/ids/160241/cafe-gourmet-em-grao-toledo-500g.jpg?v=637883141239700000 | AC75: https://mambodelivery.vteximg.com.br/arquivos/ids/160242/cafe-gourmet-em-grao-toledo-500g_1.jpg?v=637883141249300000 | AD75: https://mambodelivery.vteximg.com.br/arquivos/ids/160243/cafe-gourmet-em-grao-toledo-500g_2.jpg?v=637883141265230000 | AL75: =VLOOKUP(mambo!$H75,Sheet1!B:C,2,FALSE) -> #N/A
A76: 2666 | B76: Café em Grãos Gourmet Santa Mônica 250g | C76: Santa Mônica | E76: Mambo | F76: Mercearia | H76: 7898372620239 | O76: 250 | S76: Disponivel | T76: 43.49 | U76: 43.49 | V76: SUPERMERCADOS MAMBO - BR | Y76: https://www.mambo.com.br/cafe-gourmet-graos-santa-monica-250g/p | Z76: https://mambodelivery.vteximg.com.br/arquivos/ids/160244/cafe-gourmet-graos-santa-monica-250g.jpg?v=637883141279030000 | AA76: https://mambodelivery.vteximg.com.br/arquivos/ids/160244/cafe-gourmet-graos-santa-monica-250g.jpg?v=637883141279030000 | AB76: https://mambodelivery.vteximg.com.br/arquivos/ids/160244/cafe-gourmet-graos-santa-monica-250g.jpg?v=637883141279030000 | AL76: =VLOOKUP(mambo!$H76,Sheet1!B:C,2,FALSE) -> 1354299
A77: 2667 | B77: Café Torrado e Moído Gourmet Mogiana Paulista 3 Corações 250g | C77: 3 Corações | E77: Mambo | F77: Mercearia | H77: 7896045101641 | O77: 250 | S77: Disponivel | T77: 25.99 | U77: 25.99 | V77: SUPERMERCADOS MAMBO - BR | Y77: https://www.mambo.com.br/cafe-torrado-e-moido-gourmet-mogiana-paulista-3-coracoes-250g/p | Z77: https://mambodelivery.vteximg.com.br/arquivos/ids/214428/7896045101641Cafe-Gourmet-Mogiana-Paulista-3-Coracoes-250g01.png?v=638549405050800000 | AA77: https://mambodelivery.vteximg.com.br/arquivos/ids/214428/7896045101641Cafe-Gourmet-Mogiana-Paulista-3-Coracoes-250g01.png?v=638549405050800000 | AB77: https://mambodelivery.vteximg.com.br/arquivos/ids/214428/7896045101641Cafe-Gourmet-Mogiana-Paulista-3-Coracoes-250g01.png?v=638549405050800000 | AC77: https://mambodelivery.vteximg.com.br/arquivos/ids/214429/7896045101641Cafe-Gourmet-Mogiana-Paulista-3-Coracoes-250g02.png?v=638549405206430000 | AD77: https://mambodelivery.vteximg.com.br/arquivos/ids/214430/7896045101641Cafe-Gourmet-Mogiana-Paulista-3-Coracoes-250g03.png?v=638549405293170000 | AE77: https://mambodelivery.vteximg.com.br/arquivos/ids/214431/7896045101641Cafe-Gourmet-Mogiana-Paulista-3-Coracoes-250g04.png?v=638549405389270000 | AF77: https://mambodelivery.vteximg.com.br/arquivos/ids/214432/7896045101641Cafe-Gourmet-Mogiana-Paulista-3-Coracoes-250g05.png?v=638549405571630000 | AL77: =VLOOKUP(mambo!$H77,Sheet1!B:C,2,FALSE) -> 1239490
A78: 2669 | B78: Café Torrado e Moído Gourmet Regiões Brasileiras Cerrado Melitta 250g | C78: Melitta | E78: Mambo | F78: Mercearia | H78: 7891021005609 | O78: 250 | S78: Disponivel | T78: 24.99 | U78: 24.99 | V78: SUPERMERCADOS MAMBO - BR | Y78: https://www.mambo.com.br/cafe-gourmet-regioes-brasileiras-cerrado-melitta-250g/p | Z78: https://mambodelivery.vteximg.com.br/arquivos/ids/227236/cafc3a9-gourmet-regic3b5es-brasileiras-cerrado-melitta-250g_1.jpg?v=638760991626230000 | AA78: https://mambodelivery.vteximg.com.br/arquivos/ids/227236/cafc3a9-gourmet-regic3b5es-brasileiras-cerrado-melitta-250g_1.jpg?v=638760991626230000 | AB78: https://mambodelivery.vteximg.com.br/arquivos/ids/227236/cafc3a9-gourmet-regic3b5es-brasileiras-cerrado-melitta-250g_1.jpg?v=638760991626230000 | AC78: https://mambodelivery.vteximg.com.br/arquivos/ids/227237/cafc3a9-gourmet-regic3b5es-brasileiras-cerrado-melitta-250g.jpg?v=638760991626330000 | AD78: https://mambodelivery.vteximg.com.br/arquivos/ids/227238/cafc3a9-gourmet-regic3b5es-brasileiras-cerrado-melitta-250g_2.jpg?v=638760991626500000 | AE78: https://mambodelivery.vteximg.com.br/arquivos/ids/227239/cafc3a9-gourmet-regic3b5es-brasileiras-cerrado-melitta-250g_3.jpg?v=638760991626500000 | AF78: https://mambodelivery.vteximg.com.br/arquivos/ids/227240/cafc3a9-gourmet-regic3b5es-brasileiras-cerrado-melitta-250g_4.jpg?v=638760991626500000 | AL78: =VLOOKUP(mambo!$H78,Sheet1!B:C,2,FALSE) -> #N/A
A79: 2670 | B79: Cápsula de Café Gourmet Santa Mônica 50g com 12 Unidades | C79: Santa Mônica | E79: Mambo | F79: Mercearia | H79: 7898372620406 | M79: 12 | O79: 50 | S79: Disponivel | T79: 31.98 | U79: 31.98 | V79: SUPERMERCADOS MAMBO - BR | Y79: https://www.mambo.com.br/cafe-gourmet-santa-monica-50g-com-12-capsulas/p | Z79: https://mambodelivery.vteximg.com.br/arquivos/ids/219574/227613-Cafe-Gourmet-Santa-Monica-50g-com-12-Capsulas.jpg?v=638593342253330000 | AA79: https://mambodelivery.vteximg.com.br/arquivos/ids/219574/227613-Cafe-Gourmet-Santa-Monica-50g-com-12-Capsulas.jpg?v=638593342253330000 | AB79: https://mambodelivery.vteximg.com.br/arquivos/ids/219574/227613-Cafe-Gourmet-Santa-Monica-50g-com-12-Capsulas.jpg?v=638593342253330000 | AL79: =VLOOKUP(mambo!$H79,Sheet1!B:C,2,FALSE) -> 1340460
A80: 2671 | B80: Café Torrado e Moído Gourmet Santa Mônica 250g | C80: Santa Mônica | E80: Mambo | F80: Mercearia | H80: 7898372620420 | O80: 250 | S80: Disponivel | T80: 43.98 | U80: 43.98 | V80: SUPERMERCADOS MAMBO - BR | Y80: https://www.mambo.com.br/cafe-gourmet-torrado-e-moido-santa-monica-250g/p | Z80: https://mambodelivery.vteximg.com.br/arquivos/ids/160260/cafe-gourmet-torrado-e-moido-santa-monica-250g.jpg?v=637883141485100000 | AA80: https://mambodelivery.vteximg.com.br/arquivos/ids/160260/cafe-gourmet-torrado-e-moido-santa-monica-250g.jpg?v=637883141485100000 | AB80: https://mambodelivery.vteximg.com.br/arquivos/ids/160260/cafe-gourmet-torrado-e-moido-santa-monica-250g.jpg?v=637883141485100000 | AL80: =VLOOKUP(mambo!$H80,Sheet1!B:C,2,FALSE) -> 1340447
A81: 2673 | B81: Café em Grãos Gourmet Torrado Santa Mônica 1Kg | C81: Santa Mônica | E81: Mambo | F81: Mercearia | H81: 7898372620017 | O81: 1 | S81: Indisponivel | T81: 0 | U81: 0 | Y81: https://www.mambo.com.br/cafe-em-graos-gourmet-torrado-santa-monica-1kg/p | Z81: https://mambodelivery.vteximg.com.br/arquivos/ids/160262/cafe-graos-gourmet-torrado-santa-monica-1kg.jpg?v=637883141517200000 | AA81: https://mambodelivery.vteximg.com.br/arquivos/ids/160262/cafe-graos-gourmet-torrado-santa-monica-1kg.jpg?v=637883141517200000 | AB81: https://mambodelivery.vteximg.com.br/arquivos/ids/160262/cafe-graos-gourmet-torrado-santa-monica-1kg.jpg?v=637883141517200000 | AL81: =VLOOKUP(mambo!$H81,Sheet1!B:C,2,FALSE) -> #N/A
A82: 2675 | B82: Cápsula de Café House Blend by Starbucks Nespresso 57g com 10 Unidades | C82: Nescafé | E82: Mambo | F82: Mercearia | H82: 7613036957069 | M82: 10 | O82: 57 | S82: Indisponivel | T82: 0 | U82: 0 | Y82: https://www.mambo.com.br/capsula-de-cafe-house-blend-by-starbucks-nespresso-57g-com-10-unidades/p | Z82: https://mambodelivery.vteximg.com.br/arquivos/ids/231216/7613036957069-CafeemCapsulaStarbucks%C3%82%C2%AEHouseBlendbyNespresso%C3%82%C2%AE-10capsulas-1.jpg?v=638804037119230000 | AA82: https://mambodelivery.vteximg.com.br/arquivos/ids/231216/7613036957069-CafeemCapsulaStarbucks%C3%82%C2%AEHouseBlendbyNespresso%C3%82%C2%AE-10capsulas-1.jpg?v=638804037119230000 | AB82: https://mambodelivery.vteximg.com.br/arquivos/ids/231216/7613036957069-CafeemCapsulaStarbucks%C3%82%C2%AEHouseBlendbyNespresso%C3%82%C2%AE-10capsulas-1.jpg?v=638804037119230000 | AC82: https://mambodelivery.vteximg.com.br/arquivos/ids/231217/7613036957069-CafeemCapsulaStarbucks%C3%82%C2%AEHouseBlendbyNespresso%C3%82%C2%AE-10capsulas-1.jpg?v=638804041340130000 | AD82: https://mambodelivery.vteximg.com.br/arquivos/ids/231218/7613036957069-CafeemCapsulaStarbucks%C3%82%C2%AEHouseBlendbyNespresso%C3%82%C2%AE-10capsulas-2.jpg?v=638804041340300000 | AE82: https://mambodelivery.vteximg.com.br/arquivos/ids/231219/7613036957069-CafeemCapsulaStarbucks%C3%82%C2%AEHouseBlendbyNespresso%C3%82%C2%AE-10capsulas-3.jpg?v=638804041340300000 | AF82: https://mambodelivery.vteximg.com.br/arquivos/ids/231220/7613036957069-CafeemCapsulaStarbucks%C3%82%C2%AEHouseBlendbyNespresso%C3%82%C2%AE-10capsulas-4.jpg?v=638804041340300000 | AG82: https://mambodelivery.vteximg.com.br/arquivos/ids/231221/7613036957069-CafeemCapsulaStarbucks%C3%82%C2%AEHouseBlendbyNespresso%C3%82%C2%AE-10capsulas-5.jpg?v=638804041340300000 | AH82: https://mambodelivery.vteximg.com.br/arquivos/ids/231222/7613036957069-CafeemCapsulaStarbucks%C3%82%C2%AEHouseBlendbyNespresso%C3%82%C2%AE-10capsulas-6.jpg?v=638804041340300000 | AI82: https://mambodelivery.vteximg.com.br/arquivos/ids/231223/7613036957069-CafeemCapsulaStarbucks%C3%82%C2%AEHouseBlendbyNespresso%C3%82%C2%AE-10capsulas-7.jpg?v=638804041340300000 | AL82: =VLOOKUP(mambo!$H82,Sheet1!B:C,2,FALSE) -> 1194402
A83: 2677 | B83: Café Torrado e Moído Intenso a Vácuo Pilão 500g | C83: Pilão | E83: Mambo | F83: Mercearia | H83: 7896089012880 | O83: 500 | S83: Disponivel | T83: 43.49 | U83: 43.49 | V83: SUPERMERCADOS MAMBO - BR | Y83: https://www.mambo.com.br/cafe-torrado-e-moido-intenso-a-vacuo-pilao-500g/p | Z83: https://mambodelivery.vteximg.com.br/arquivos/ids/232938/7896089012880_01.jpg?v=638844695997900000 | AA83: https://mambodelivery.vteximg.com.br/arquivos/ids/232938/7896089012880_01.jpg?v=638844695997900000 | AB83: https://mambodelivery.vteximg.com.br/arquivos/ids/232938/7896089012880_01.jpg?v=638844695997900000 | AC83: https://mambodelivery.vteximg.com.br/arquivos/ids/232939/7896089012880_02.jpg?v=638844695998030000 | AD83: https://mambodelivery.vteximg.com.br/arquivos/ids/232940/7896089012880_03.jpg?v=638844695998030000 | AL83: =VLOOKUP(mambo!$H83,Sheet1!B:C,2,FALSE) -> #N/A
A84: 2678 | B84: Café Torrado e Moído Intenso Pilão 500g | C84: Pilão | E84: Mambo | F84: Mercearia | H84: 7896089012927 | O84: 500 | S84: Disponivel | T84: 43.49 | U84: 43.49 | V84: SUPERMERCADOS MAMBO - BR | Y84: https://www.mambo.com.br/cafe-torrado-e-moido-intenso-pilao-500g/p | Z84: https://mambodelivery.vteximg.com.br/arquivos/ids/232935/7896089012927_01.jpg?v=638844684695600000 | AA84: https://mambodelivery.vteximg.com.br/arquivos/ids/232935/7896089012927_01.jpg?v=638844684695600000 | AB84: https://mambodelivery.vteximg.com.br/arquivos/ids/232935/7896089012927_01.jpg?v=638844684695600000 | AC84: https://mambodelivery.vteximg.com.br/arquivos/ids/232936/7896089012927_02.jpg?v=638844684695770000 | AD84: https://mambodelivery.vteximg.com.br/arquivos/ids/232937/7896089012927_03.jpg?v=638844684695770000 | AL84: =VLOOKUP(mambo!$H84,Sheet1!B:C,2,FALSE) -> 4222712
A85: 2679 | B85: Cápsula de Café Intenso Orfeu 50g com 10 Unidades | C85: Orfeu | E85: Mambo | F85: Mercearia | H85: 7898912704283 | M85: 10 | O85: 50 | S85: Disponivel | T85: 26.99 | U85: 26.99 | V85: SUPERMERCADOS MAMBO - BR | Y85: https://www.mambo.com.br/cafe-intenso-orfeu-50g-com-10-capsulas/p | Z85: https://mambodelivery.vteximg.com.br/arquivos/ids/160280/cafe-intenso-orfeu-50g-com-10-capsulas.png?v=637883141736500000 | AA85: https://mambodelivery.vteximg.com.br/arquivos/ids/160280/cafe-intenso-orfeu-50g-com-10-capsulas.png?v=637883141736500000 | AB85: https://mambodelivery.vteximg.com.br/arquivos/ids/160280/cafe-intenso-orfeu-50g-com-10-capsulas.png?v=637883141736500000 | AL85: =VLOOKUP(mambo!$H85,Sheet1!B:C,2,FALSE) -> 1114199
A86: 2680 | B86: Cápsula de Café Intenso Santa Mônica 50g com 12 Unidades | C86: Santa Mônica | E86: Mambo | F86: Mercearia | H86: 7898372620048 | M86: 12 | O86: 50 | S86: Disponivel | T86: 31.98 | U86: 31.98 | V86: SUPERMERCADOS MAMBO - BR | Y86: https://www.mambo.com.br/cafe-intenso-santa-monica-50g-com-12-capsulas/p | Z86: https://mambodelivery.vteximg.com.br/arquivos/ids/190338/227614-CAFE-SANTA-MONICA-CAPSULAS-50G-INTENSO.jpg?v=638127499288500000 | AA86: https://mambodelivery.vteximg.com.br/arquivos/ids/190338/227614-CAFE-SANTA-MONICA-CAPSULAS-50G-INTENSO.jpg?v=638127499288500000 | AB86: https://mambodelivery.vteximg.com.br/arquivos/ids/190338/227614-CAFE-SANTA-MONICA-CAPSULAS-50G-INTENSO.jpg?v=638127499288500000 | AL86: =VLOOKUP(mambo!$H86,Sheet1!B:C,2,FALSE) -> 1340461
A87: 2683 | B87: Café em Cápsula Torrado e Moído Lungo Intenso Pilão Caixa 52g 10 Unidades | C87: Pilão | E87: Mambo | F87: Mercearia | H87: 7896089088380 | M87: 10 | O87: 52 | S87: Indisponivel | T87: 0 | U87: 0 | Y87: https://www.mambo.com.br/cafe-em-capsula-torrado-e-moido-lungo-intenso-pilao-caixa-52g-10-unidades/p | Z87: https://mambodelivery.vteximg.com.br/arquivos/ids/232903/7896089088380-01.jpg?v=638844665781730000 | AA87: https://mambodelivery.vteximg.com.br/arquivos/ids/232903/7896089088380-01.jpg?v=638844665781730000 | AB87: https://mambodelivery.vteximg.com.br/arquivos/ids/232903/7896089088380-01.jpg?v=638844665781730000 | AC87: https://mambodelivery.vteximg.com.br/arquivos/ids/232904/7896089088380_02.jpg?v=638844665781900000 | AD87: https://mambodelivery.vteximg.com.br/arquivos/ids/232905/7896089088380_03.jpg?v=638844665781900000 | AE87: https://mambodelivery.vteximg.com.br/arquivos/ids/232906/7896089088380_04.jpg?v=638844665781900000 | AF87: https://mambodelivery.vteximg.com.br/arquivos/ids/232907/7896089088380_05.jpg?v=638844665782030000 | AL87: =VLOOKUP(mambo!$H87,Sheet1!B:C,2,FALSE) -> 1148941
A88: 2684 | B88: Cápsula de Café Milão Italle 50g com 10 Unidades | C88: Italle | E88: Mambo | F88: Mercearia | H88: 7898994826200 | M88: 10 | O88: 50 | S88: Disponivel | T88: 13.99 | U88: 13.99 | V88: SUPERMERCADOS MAMBO - BR | Y88: https://www.mambo.com.br/cafe-milao-italle-50g-10-capsulas/p | Z88: https://mambodelivery.vteximg.com.br/arquivos/ids/220895/269437-Cafe-Milao-Italle-50g-10-Capsulas.jpg?v=638622659935030000 | AA88: https://mambodelivery.vteximg.com.br/arquivos/ids/220895/269437-Cafe-Milao-Italle-50g-10-Capsulas.jpg?v=638622659935030000 | AB88: https://mambodelivery.vteximg.com.br/arquivos/ids/220895/269437-Cafe-Milao-Italle-50g-10-Capsulas.jpg?v=638622659935030000 | AL88: =VLOOKUP(mambo!$H88,Sheet1!B:C,2,FALSE) -> #N/A
A89: 2685 | B89: Café Torrado e Moído Aromas Caramelo Baggio 250g | C89: Baggio | E89: Mambo | F89: Mercearia | H89: 7898922711042 | O89: 250 | S89: Disponivel | T89: 46.49 | U89: 46.49 | V89: SUPERMERCADOS MAMBO - BR | Y89: https://www.mambo.com.br/cafe-moido-aromatizado-caramelo-baggio-250g/p | Z89: https://mambodelivery.vteximg.com.br/arquivos/ids/233830/267421.jpg?v=638854268668700000 | AA89: https://mambodelivery.vteximg.com.br/arquivos/ids/233830/267421.jpg?v=638854268668700000 | AB89: https://mambodelivery.vteximg.com.br/arquivos/ids/233830/267421.jpg?v=638854268668700000 | AL89: =VLOOKUP(mambo!$H89,Sheet1!B:C,2,FALSE) -> 1187456
A90: 2686 | B90: Café Torrado e Moído Orgânico a Vácuo Cia Orgânica 250g | C90: Cia Organica | E90: Mambo | F90: Mercearia | H90: 7898901043027 | O90: 250 | S90: Disponivel | T90: 48.98 | U90: 48.98 | V90: SUPERMERCADOS MAMBO - BR | Y90: https://www.mambo.com.br/cafe-torrado-e-moido-organico-a-vacuo-cia-organica-250g/p | Z90: https://mambodelivery.vteximg.com.br/arquivos/ids/160287/cafe-organico-a-vacuo-cia-organica-250g.jpg?v=637883141851530000 | AA90: https://mambodelivery.vteximg.com.br/arquivos/ids/160287/cafe-organico-a-vacuo-cia-organica-250g.jpg?v=637883141851530000 | AB90: https://mambodelivery.vteximg.com.br/arquivos/ids/160287/cafe-organico-a-vacuo-cia-organica-250g.jpg?v=637883141851530000 | AL90: =VLOOKUP(mambo!$H90,Sheet1!B:C,2,FALSE) -> #N/A
A91: 2687 | B91: Cápsula de Café Orgânico Biodinâmico Cia Orgânica 50g com 10 Unidades | C91: Cia Organica | E91: Mambo | F91: Mercearia | H91: 7898901043195 | M91: 10 | O91: 50 | S91: Disponivel | T91: 51.98 | U91: 51.98 | V91: SUPERMERCADOS MAMBO - BR | Y91: https://www.mambo.com.br/cafe-organico-biodinamico-cia-organica-50g-com-10-capsulas/p | Z91: https://mambodelivery.vteximg.com.br/arquivos/ids/160288/cafe-organico-bio-cia-organica-50g-com-10-capsulas.jpg?v=637883141869200000 | AA91: https://mambodelivery.vteximg.com.br/arquivos/ids/160288/cafe-organico-bio-cia-organica-50g-com-10-capsulas.jpg?v=637883141869200000 | AB91: https://mambodelivery.vteximg.com.br/arquivos/ids/160288/cafe-organico-bio-cia-organica-50g-com-10-capsulas.jpg?v=637883141869200000 | AL91: =VLOOKUP(mambo!$H91,Sheet1!B:C,2,FALSE) -> #N/A
A92: 2689 | B92: Cápsula de Café Orgânico Cia Orgânica 50g com 10 Unidades | C92: Cia Organica | E92: Mambo | F92: Mercearia | H92: 7898901043171 | M92: 10 | O92: 50 | S92: Disponivel | T92: 47.49 | U92: 47.49 | V92: SUPERMERCADOS MAMBO - BR | Y92: https://www.mambo.com.br/cafe-organico-cia-organica-50g-com-10-capsulas/p | Z92: https://mambodelivery.vteximg.com.br/arquivos/ids/160290/cafe-organico-cia-organica-50g-com-10-capsulas.jpg?v=637883141895400000 | AA92: https://mambodelivery.vteximg.com.br/arquivos/ids/160290/cafe-organico-cia-organica-50g-com-10-capsulas.jpg?v=637883141895400000 | AB92: https://mambodelivery.vteximg.com.br/arquivos/ids/160290/cafe-organico-cia-organica-50g-com-10-capsulas.jpg?v=637883141895400000 | AL92: =VLOOKUP(mambo!$H92,Sheet1!B:C,2,FALSE) -> #N/A
A93: 2690 | B93: Café em Grãos Orgânico Cia Orgânica 250g | C93: Cia Organica | E93: Mambo | F93: Mercearia | H93: 7898901043010 | O93: 250 | S93: Disponivel | T93: 47.98 | U93: 47.98 | V93: SUPERMERCADOS MAMBO - BR | Y93: https://www.mambo.com.br/cafe-organico-em-graos-cia-organica-250g-1/p | Z93: https://mambodelivery.vteximg.com.br/arquivos/ids/227279/220920.png.png?v=638761885320030000 | AA93: https://mambodelivery.vteximg.com.br/arquivos/ids/227279/220920.png.png?v=638761885320030000 | AB93: https://mambodelivery.vteximg.com.br/arquivos/ids/227279/220920.png.png?v=638761885320030000 | AL93: =VLOOKUP(mambo!$H93,Sheet1!B:C,2,FALSE) -> #N/A
A94: 2691 | B94: Cápsula de Café Orgânico Orfeu 50g com 10 Unidades | C94: Orfeu | E94: Mambo | F94: Mercearia | H94: 7898912704184 | M94: 10 | O94: 50 | S94: Disponivel | T94: 36.98 | U94: 36.98 | V94: SUPERMERCADOS MAMBO - BR | Y94: https://www.mambo.com.br/cafe-organico-orfeu-50g-com-10-capsulas/p | Z94: https://mambodelivery.vteximg.com.br/arquivos/ids/160292/cafe-organico-orfeu-50g-com-10-capsulas.jpg?v=637883141924630000 | AA94: https://mambodelivery.vteximg.com.br/arquivos/ids/160292/cafe-organico-orfeu-50g-com-10-capsulas.jpg?v=637883141924630000 | AB94: https://mambodelivery.vteximg.com.br/arquivos/ids/160292/cafe-organico-orfeu-50g-com-10-capsulas.jpg?v=637883141924630000 | AL94: =VLOOKUP(mambo!$H94,Sheet1!B:C,2,FALSE) -> 1114202
A95: 2692 | B95: Cápsula de Café Orgânico Original Native 50g com 10 Unidades | C95: Native | E95: Mambo | F95: Mercearia | H95: 7898206502328 | M95: 10 | O95: 50 | S95: Indisponivel | T95: 0 | U95: 0 | Y95: https://www.mambo.com.br/capsula-de-cafe-organico-original-native-50g-com-10-unidades-/p | Z95: https://mambodelivery.vteximg.com.br/arquivos/ids/160293/cafe-organico-original-native-50g-com-10-capsulas.jpg?v=637883141939200000 | AA95: https://mambodelivery.vteximg.com.br/arquivos/ids/160293/cafe-organico-original-native-50g-com-10-capsulas.jpg?v=637883141939200000 | AB95: https://mambodelivery.vteximg.com.br/arquivos/ids/160293/cafe-organico-original-native-50g-com-10-capsulas.jpg?v=637883141939200000 | AL95: =VLOOKUP(mambo!$H95,Sheet1!B:C,2,FALSE) -> #N/A
A96: 2693 | B96: Café em Grãos Orgânico Rituais 3 Corações 250g | C96: 3 Corações | E96: Mambo | F96: Mercearia | H96: 7896005807729 | O96: 250 | S96: Disponivel | T96: 33.99 | U96: 33.99 | V96: SUPERMERCADOS MAMBO - BR | Y96: https://www.mambo.com.br/cafe-em-graos-organico-rituais-3-coracoes-250g/p | Z96: https://mambodelivery.vteximg.com.br/arquivos/ids/235456/270358.jpg?v=638900802631000000 | AA96: https://mambodelivery.vteximg.com.br/arquivos/ids/235456/270358.jpg?v=638900802631000000 | AB96: https://mambodelivery.vteximg.com.br/arquivos/ids/235456/270358.jpg?v=638900802631000000 | AL96: =VLOOKUP(mambo!$H96,Sheet1!B:C,2,FALSE) -> #N/A
A97: 2695 | B97: Café Torrado e Moído Orgânico Santa Mônica 250g | C97: Santa Mônica | E97: Mambo | F97: Mercearia | H97: 7898372620093 | O97: 250 | S97: Indisponivel | T97: 0 | U97: 0 | Y97: https://www.mambo.com.br/cafe-torrado-e-moido-organico-santa-monica-250g/p | Z97: https://mambodelivery.vteximg.com.br/arquivos/ids/160297/cafe-organico-torrado-e-moido-santa-monica-250g.jpg?v=637883141999630000 | AA97: https://mambodelivery.vteximg.com.br/arquivos/ids/160297/cafe-organico-torrado-e-moido-santa-monica-250g.jpg?v=637883141999630000 | AB97: https://mambodelivery.vteximg.com.br/arquivos/ids/160297/cafe-organico-torrado-e-moido-santa-monica-250g.jpg?v=637883141999630000 | AL97: =VLOOKUP(mambo!$H97,Sheet1!B:C,2,FALSE) -> 1405431
A98: 2696 | B98: Café Torrado e Moído Pike Place Roast Starbucks & Nescafé 250g | C98: Starbucks | E98: Mambo | F98: Mercearia | H98: 762111364388 | O98: 250 | S98: Disponivel | T98: 48.98 | U98: 48.98 | V98: SUPERMERCADOS MAMBO - BR | Y98: https://www.mambo.com.br/cafe-pike-place-roast-starbucks-by-nescafe-250g/p | Z98: https://mambodelivery.vteximg.com.br/arquivos/ids/226751/762111364388-CafeStarbucks%C3%82%C2%AEPikePlace%C3%82%C2%AERoastTorradoeMoido250g-1.jpg?v=638751838980870000 | AA98: https://mambodelivery.vteximg.com.br/arquivos/ids/226751/762111364388-CafeStarbucks%C3%82%C2%AEPikePlace%C3%82%C2%AERoastTorradoeMoido250g-1.jpg?v=638751838980870000 | AB98: https://mambodelivery.vteximg.com.br/arquivos/ids/226751/762111364388-CafeStarbucks%C3%82%C2%AEPikePlace%C3%82%C2%AERoastTorradoeMoido250g-1.jpg?v=638751838980870000 | AC98: https://mambodelivery.vteximg.com.br/arquivos/ids/226752/762111364388-CafeStarbucks%C3%82%C2%AEPikePlace%C3%82%C2%AERoastTorradoeMoido250g-1.jpg?v=638751838984130000 | AD98: https://mambodelivery.vteximg.com.br/arquivos/ids/226753/762111364388-CafeStarbucks%C3%82%C2%AEPikePlace%C3%82%C2%AERoastTorradoeMoido250g-2.jpg?v=638751838987000000 | AL98: =VLOOKUP(mambo!$H98,Sheet1!B:C,2,FALSE) -> #N/A
A99: 2697 | B99: Cápsula de Café Pike Place Roast Starbucks & Nespresso com 10 Unidades | C99: Nescafé | E99: Mambo | F99: Mercearia | H99: 7613036961745 | M99: 10 | S99: Disponivel | T99: 32.98 | U99: 32.98 | V99: SUPERMERCADOS MAMBO - BR | Y99: https://www.mambo.com.br/cafe-pike-place-roast-starbucks-by-nespresso-com-10-capsulas/p | Z99: https://mambodelivery.vteximg.com.br/arquivos/ids/223146/7613036961745-CafeemCapsulaStarbucks%C3%82%C2%AEPikePlacebyNespresso%C3%82%C2%AE-10capsulas-1.jpg?v=638658268316400000 | AA99: https://mambodelivery.vteximg.com.br/arquivos/ids/223146/7613036961745-CafeemCapsulaStarbucks%C3%82%C2%AEPikePlacebyNespresso%C3%82%C2%AE-10capsulas-1.jpg?v=638658268316400000 | AB99: https://mambodelivery.vteximg.com.br/arquivos/ids/223146/7613036961745-CafeemCapsulaStarbucks%C3%82%C2%AEPikePlacebyNespresso%C3%82%C2%AE-10capsulas-1.jpg?v=638658268316400000 | AC99: https://mambodelivery.vteximg.com.br/arquivos/ids/223147/image-to-upload-1.jpg?v=638658268320300000 | AD99: https://mambodelivery.vteximg.com.br/arquivos/ids/223148/7613036961745-CafeemCapsulaStarbucks%C3%82%C2%AEPikePlacebyNespresso%C3%82%C2%AE-10capsulas-3.jpg?v=638658268324030000 | AE99: https://mambodelivery.vteximg.com.br/arquivos/ids/223149/7613036961745-CafeemCapsulaStarbucks%C3%82%C2%AEPikePlacebyNespresso%C3%82%C2%AE-10capsulas-4.jpg?v=638658268326830000 | AF99: https://mambodelivery.vteximg.com.br/arquivos/ids/223150/7613036961745-CafeemCapsulaStarbucks%C3%82%C2%AEPikePlacebyNespresso%C3%82%C2%AE-10capsulas-5.jpg?v=638658268329670000 | AG99: https://mambodelivery.vteximg.com.br/arquivos/ids/223151/7613036961745-CafeemCapsulaStarbucks%C3%82%C2%AEPikePlacebyNespresso%C3%82%C2%AE-10capsulas-6.jpg?v=638658268332900000 | AH99: https://mambodelivery.vteximg.com.br/arquivos/ids/223152/7613036961745-CafeemCapsulaStarbucks%C3%82%C2%AEPikePlacebyNespresso%C3%82%C2%AE-10capsulas-7.jpg?v=638658268336170000 | AI99: https://mambodelivery.vteximg.com.br/arquivos/ids/223153/7613036961745-CafeemCapsulaStarbucks%C3%82%C2%AEPikePlacebyNespresso%C3%82%C2%AE-10capsulas-8.jpg?v=638658268338830000 | AJ99: https://mambodelivery.vteximg.com.br/arquivos/ids/223154/7613036961745-CafeemCapsulaStarbucks%C3%82%C2%AEPikePlacebyNespresso%C3%82%C2%AE-10capsulas-9.jpg?v=638658268342630000 | AL99: =VLOOKUP(mambo!$H99,Sheet1!B:C,2,FALSE) -> 1194404
A100: 2698 | B100: Café Torrado e Moído Estrada Real Vácuo 500g | C100: 3 Corações | E100: Mambo | F100: Mercearia | H100: 7896045102402 | O100: 500 | S100: Disponivel | T100: 33.99 | U100: 33.99 | V100: SUPERMERCADOS MAMBO - BR | Y100: https://www.mambo.com.br/cafe-torrado-e-moido-estrada-real-vacuo-500g/p | Z100: https://mambodelivery.vteximg.com.br/arquivos/ids/214444/7896045102402Cafe-Premium-a-Vacuo-3-Coracoes-500g.png?v=638549413335800000 | AA100: https://mambodelivery.vteximg.com.br/arquivos/ids/214444/7896045102402Cafe-Premium-a-Vacuo-3-Coracoes-500g.png?v=638549413335800000 | AB100: https://mambodelivery.vteximg.com.br/arquivos/ids/214444/7896045102402Cafe-Premium-a-Vacuo-3-Coracoes-500g.png?v=638549413335800000 | AC100: https://mambodelivery.vteximg.com.br/arquivos/ids/214445/7896045102402Cafe-Premium-a-Vacuo-3-Coracoes-500g02.png?v=638549413491700000 | AD100: https://mambodelivery.vteximg.com.br/arquivos/ids/214446/7896045102402Cafe-Premium-a-Vacuo-3-Coracoes-500g04.png?v=638549413607870000 | AE100: https://mambodelivery.vteximg.com.br/arquivos/ids/214447/7896045102402Cafe-Premium-a-Vacuo-3-Coracoes-500g05.png?v=638549413730230000 | AF100: https://mambodelivery.vteximg.com.br/arquivos/ids/214448/7896045102402Cafe-Premium-a-Vacuo-3-Coracoes-500g03.png?v=638549413816770000 | AL100: =VLOOKUP(mambo!$H100,Sheet1!B:C,2,FALSE) -> #N/A
...

Sheet marche
A1: SKU | B1: Titulo | C1: Fabricante | D1: Tipo Produto | E1: Departamento | F1: Categoria | G1: Sub Categoria | H1: GTIN | I1: Modelo | J1: Bytes | K1: Litros | L1: Tamanho | M1: Qtde. Pacote | N1: Cor | O1: Peso | P1: Genero | Q1: Volume | R1: Voltagem | S1: Disponibilidade | T1: Preco | U1: Preço Oferta | V1: Vendedor | W1: Descricao | X1: Descricao_1 | Y1: URL | Z1: URL Imagem | AA1: URL Imagem_2 | AB1: CLUSTER PAO
A2: 20041430 | B2: Café Solúvel NESCAFÉ Original 160g | C2: Nescafé | E2: Mercearia | F2: Café | O2: 160 | S2: Indisponivel | T2: 0 | U2: 0 | Y2: https://marche.com.br/collections/mercearia/products/cafe-soluvel-nescafe-original-160g?store_id=66677604431 | Z2: https://cdn.shopify.com/s/files/1/0587/8487/4575/files/3febfff9-c266-4400-a582-ac2e487fea58_b4ac98b3-f923-4b3e-b822-400b31e016c3.jpg?v=1757118054 | AA2: https://cdn.shopify.com/s/files/1/0587/8487/4575/files/3febfff9-c266-4400-a582-ac2e487fea58_b4ac98b3-f923-4b3e-b822-400b31e016c3.jpg?v=1757118054
A3: 20068296 | B3: Cápsula de Café Dolce Gusto Neo Espresso Dark com 10 Unidades | C3: Dolce gusto | E3: Mercearia | F3: Café | M3: 10 | S3: Indisponivel | T3: 0 | U3: 0 | Y3: https://marche.com.br/collections/mercearia/products/capsula-de-cafe-dolce-gusto-neo-espresso-dark-com-10-unidades?store_id=66677604431 | Z3: https://cdn.shopify.com/s/files/1/0587/8487/4575/files/a4932535-4d7b-4cd4-b2ed-fd4de780e599.jpg?v=1757109705 | AA3: https://cdn.shopify.com/s/files/1/0587/8487/4575/files/a4932535-4d7b-4cd4-b2ed-fd4de780e599.jpg?v=1757109705
A4: 20068298 | B4: Cápsulas de Café Dolce Gusto Neo Lungo Cerrado com 10 Unidades | C4: Dolce gusto | E4: Mercearia | F4: Café | M4: 10 | S4: Indisponivel | T4: 0 | U4: 0 | Y4: https://marche.com.br/collections/mercearia/products/capsulas-de-cafe-dolce-gusto-neo-lungo-cerrado-com-10-unidades?store_id=66677604431 | Z4: https://cdn.shopify.com/s/files/1/0587/8487/4575/files/21a7f66c-4477-410a-bdda-85102dd92688_a2161dc3-38cb-4ad9-a007-8fbcf06e9307.jpg?v=1757109717 | AA4: https://cdn.shopify.com/s/files/1/0587/8487/4575/files/21a7f66c-4477-410a-bdda-85102dd92688_a2161dc3-38cb-4ad9-a007-8fbcf06e9307.jpg?v=1757109717
A5: 20068295 | B5: Cápsula de Café Dolce Gusto Neo Espresso Delicate com 10 Unidades | C5: Dolce gusto | E5: Mercearia | F5: Café | M5: 10 | S5: Indisponivel | T5: 0 | U5: 0 | Y5: https://marche.com.br/collections/mercearia/products/capsula-de-cafe-dolce-gusto-neo-espresso-delicate-com-10-unidades?store_id=66677604431 | Z5: https://cdn.shopify.com/s/files/1/0587/8487/4575/files/08763ff6-4c8b-4f73-8d40-ae5cda1c76b1.jpg?v=1757109702 | AA5: https://cdn.shopify.com/s/files/1/0587/8487/4575/files/08763ff6-4c8b-4f73-8d40-ae5cda1c76b1.jpg?v=1757109702
A6: 20068297 | B6: Cápsula de Café Dolce Gusto Neo Espresso Sul de Minas com 10 Unidades | C6: Dolce gusto | E6: Mercearia | F6: Café | M6: 10 | S6: Indisponivel | T6: 0 | U6: 0 | Y6: https://marche.com.br/collections/mercearia/products/capsula-de-cafe-dolce-gusto-neo-espresso-sul-de-minas-com-10-unidades?store_id=66677604431 | Z6: https://cdn.shopify.com/s/files/1/0587/8487/4575/files/9a499917-a5bb-4d24-b2ee-e43b5504686e_c76aea3d-54df-44ba-826d-a88dd201bb96.jpg?v=1757109712 | AA6: https://cdn.shopify.com/s/files/1/0587/8487/4575/files/9a499917-a5bb-4d24-b2ee-e43b5504686e_c76aea3d-54df-44ba-826d-a88dd201bb96.jpg?v=1757109712
A7: 20051843 | B7: Café MELITTA Especial 500g | C7: Melitta | E7: Mercearia | F7: Café | O7: 500 | S7: Indisponivel | T7: 0 | U7: 0 | Y7: https://marche.com.br/collections/mercearia/products/cafe-melitta-especial-500g?store_id=66677604431 | Z7: https://cdn.shopify.com/s/files/1/0587/8487/4575/files/c57e3f7c-0aa2-4ab8-8699-132ec118a75a.png?v=1757119207 | AA7: https://cdn.shopify.com/s/files/1/0587/8487/4575/files/c57e3f7c-0aa2-4ab8-8699-132ec118a75a.png?v=1757119207
A8: 20068293 | B8: Cápsula Dolce Gusto Neo Caseiro Dark Com 10 | C8: Dolce gusto | E8: Mercearia | F8: Café | S8: Indisponivel | T8: 0 | U8: 0 | Y8: https://marche.com.br/collections/mercearia/products/capsula-dolce-gusto-neo-caseiro-dark-com-10?store_id=66677604431 | Z8: https://cdn.shopify.com/s/files/1/0587/8487/4575/files/ef360ab7-2132-4607-b7bf-e7bfe9939019.png?v=1757109693 | AA8: https://cdn.shopify.com/s/files/1/0587/8487/4575/files/ef360ab7-2132-4607-b7bf-e7bfe9939019.png?v=1757109693
A9: 20018601 | B9: Caps Cafe ILLY Arabica Selec Br com 21Un | C9: Illy | E9: Mercearia | F9: Café | S9: Indisponivel | T9: 0 | U9: 0 | Y9: https://marche.com.br/collections/mercearia/products/caps-cafe-illy-arabica-selec-br-com-21un?store_id=66677604431 | Z9: https://cdn.shopify.com/s/files/1/0587/8487/4575/files/fb6e726a-acb9-4012-91bf-6f7c555e3c0a_eddc1875-ed0d-421d-81c3-71434ed32679.jpg?v=1757115892 | AA9: https://cdn.shopify.com/s/files/1/0587/8487/4575/files/fb6e726a-acb9-4012-91bf-6f7c555e3c0a_eddc1875-ed0d-421d-81c3-71434ed32679.jpg?v=1757115892
A10: 20018603 | B10: Cápsulas de Café Illy Arabica Selection Guatemala Com 18 Unidades | C10: Illy | E10: Mercearia | F10: Café | M10: 18 | S10: Indisponivel | T10: 0 | U10: 0 | Y10: https://marche.com.br/collections/mercearia/products/capsulas-de-cafe-illy-arabica-selection-guatemala-com-18-unidades?store_id=66677604431 | Z10: https://cdn.shopify.com/s/files/1/0587/8487/4575/files/ee3e0606-765a-4a43-98e5-99c8a8a52ebb_cae341e1-3825-4896-9c6b-0d65485e77a1.jpg?v=1757115897 | AA10: https://cdn.shopify.com/s/files/1/0587/8487/4575/files/ee3e0606-765a-4a43-98e5-99c8a8a52ebb_cae341e1-3825-4896-9c6b-0d65485e77a1.jpg?v=1757115897
A11: 20018602 | B11: Cápsulas de Café Illy Arabic Select Etiopia Com 18 Uniddaes | C11: Illy | E11: Mercearia | F11: Café | S11: Indisponivel | T11: 0 | U11: 0 | Y11: https://marche.com.br/collections/mercearia/products/capsulas-de-cafe-illy-arabic-select-etiopia-com-18-uniddaes?store_id=66677604431 | Z11: https://cdn.shopify.com/s/files/1/0587/8487/4575/files/600a27c5-984f-4f86-a5a0-cda6cc215687.jpg?v=1757115895 | AA11: https://cdn.shopify.com/s/files/1/0587/8487/4575/files/600a27c5-984f-4f86-a5a0-cda6cc215687.jpg?v=1757115895
A12: 20019024 | B12: Café Orfeu Torrado e Moído Clássico 250g | C12: Orfeu | E12: Mercearia | F12: Café | O12: 250 | S12: Indisponivel | T12: 0 | U12: 0 | Y12: https://marche.com.br/collections/mercearia/products/cafe-orfeu-torrado-e-moido-classico-250g?store_id=66677604431 | Z12: https://cdn.shopify.com/s/files/1/0587/8487/4575/files/a1a7956a-3bdd-477c-bb3c-0d1c273fab94.png?v=1757022642 | AA12: https://cdn.shopify.com/s/files/1/0587/8487/4575/files/a1a7956a-3bdd-477c-bb3c-0d1c273fab94.png?v=1757022642
A13: 20075807 | B13: Café 3 Corações Drip Florada Premium 10 Unidades | C13: 3 Corações | E13: Mercearia | F13: Café | M13: 10 | S13: Indisponivel | T13: 0 | U13: 0 | Y13: https://marche.com.br/collections/mercearia/products/cafe-3-coracoes-drip-florada-premium-10-unidades?store_id=66677604431 | Z13: https://cdn.shopify.com/s/files/1/0587/8487/4575/files/f1beb323-6da7-45a6-b8b1-a4906bc4b36c_33553f0c-3632-48ad-b58b-d1c8cbb682df.png?v=1757026428 | AA13: https://cdn.shopify.com/s/files/1/0587/8487/4575/files/f1beb323-6da7-45a6-b8b1-a4906bc4b36c_33553f0c-3632-48ad-b58b-d1c8cbb682df.png?v=1757026428
A14: 20082792 | B14: Café Nescafé Gold Solúvel 7 Liofilizado 40g | C14: St. Marche | E14: Mercearia | F14: Café | O14: 40 | S14: Indisponivel | T14: 0 | U14: 0 | Y14: https://marche.com.br/collections/mercearia/products/cafe-nescafe-gold-inst-7-liofilizado-40g?store_id=66677604431 | Z14: https://cdn.shopify.com/s/files/1/0587/8487/4575/files/ec8ce6cf-9685-4caa-9601-65cb800a363e.png?v=1765915229 | AA14: https://cdn.shopify.com/s/files/1/0587/8487/4575/files/ec8ce6cf-9685-4caa-9601-65cb800a363e.png?v=1765915229
A15: 20033036 | B15: Café ILLY em Pó Moído Intenso 250g | C15: Illy | E15: Mercearia | F15: Café | O15: 250 | S15: Indisponivel | T15: 0 | U15: 0 | Y15: https://marche.com.br/collections/mercearia/products/cafe-illy-em-po-moido-intenso-250g?store_id=66677604431 | Z15: https://cdn.shopify.com/s/files/1/0587/8487/4575/files/5f921c00-0ef9-4c88-83d8-5a28ca3e8c61_a9f176bf-c45c-484e-9d2d-27fd3790c4de.png?v=1757023570 | AA15: https://cdn.shopify.com/s/files/1/0587/8487/4575/files/5f921c00-0ef9-4c88-83d8-5a28ca3e8c61_a9f176bf-c45c-484e-9d2d-27fd3790c4de.png?v=1757023570
A16: 20012702 | B16: Café ORFEU Grão Orgânico 250g | C16: Orfeu | E16: Mercearia | F16: Café | O16: 250 | S16: Indisponivel | T16: 0 | U16: 0 | Y16: https://marche.com.br/collections/mercearia/products/cafe-orfeu-grao-organico-250g?store_id=66677604431 | Z16: https://cdn.shopify.com/s/files/1/0587/8487/4575/files/f532cb63-a542-4783-8cb7-ad342482f4b2.png?v=1757032438 | AA16: https://cdn.shopify.com/s/files/1/0587/8487/4575/files/f532cb63-a542-4783-8cb7-ad342482f4b2.png?v=1757032438
A17: 20045280 | B17: Café BAGGIO Aromas de Chocolate Com Menta 250g | C17: St. Marche | E17: Mercearia | F17: Café | O17: 250 | S17: Indisponivel | T17: 0 | U17: 0 | Y17: https://marche.com.br/collections/mercearia/products/cafe-baggio-aromas-de-chocolate-com-menta-250g?store_id=66677604431 | Z17: https://cdn.shopify.com/s/files/1/0587/8487/4575/files/8f2ec498-268a-4360-980c-573430d22a70.png?v=1761217941 | AA17: https://cdn.shopify.com/s/files/1/0587/8487/4575/files/8f2ec498-268a-4360-980c-573430d22a70.png?v=1761217941
A18: 20083639 | B18: Café Cafellow Sachê Criativo 10 Unidades | C18: St. Marche | E18: Mercearia | F18: Café | M18: 10 | S18: Indisponivel | T18: 0 | U18: 0 | Y18: https://marche.com.br/collections/mercearia/products/cafe-cafellow-sache-criativo-10un?store_id=66677604431 | Z18: https://cdn.shopify.com/s/files/1/0587/8487/4575/files/f6329cc2-229e-4d03-99ed-8983e2905d3c.png?v=1771444820 | AA18: https://cdn.shopify.com/s/files/1/0587/8487/4575/files/f6329cc2-229e-4d03-99ed-8983e2905d3c.png?v=1771444820
A19: 20012701 | B19: Café ORFEU Grão Intenso 250g | C19: Orfeu | E19: Mercearia | F19: Café | O19: 250 | S19: Indisponivel | T19: 0 | U19: 0 | Y19: https://marche.com.br/collections/mercearia/products/cafe-orfeu-grao-intenso-250g?store_id=66677604431 | Z19: https://cdn.shopify.com/s/files/1/0587/8487/4575/files/b434fc14-afee-4030-8dac-6d25521545b8.png?v=1757023269 | AA19: https://cdn.shopify.com/s/files/1/0587/8487/4575/files/b434fc14-afee-4030-8dac-6d25521545b8.png?v=1757023269
A20: 20069172 | B20: Café Moído Juan Valdez Colina 250g | C20: Juan Valdez | E20: Mercearia | F20: Café | O20: 250 | S20: Indisponivel | T20: 0 | U20: 0 | Y20: https://marche.com.br/collections/mercearia/products/cafe-moido-juan-valdez-colina-250g?store_id=66677604431 | Z20: https://cdn.shopify.com/s/files/1/0587/8487/4575/files/19ca9edf-4e1e-4a47-931b-53b10c91e026.png?v=1757109937 | AA20: https://cdn.shopify.com/s/files/1/0587/8487/4575/files/19ca9edf-4e1e-4a47-931b-53b10c91e026.png?v=1757109937
A21: 20073954 | B21: Café Illy Grão Arábica Costa Rica 250g | C21: St. Marche | E21: Mercearia | F21: Café | O21: 250 | S21: Indisponivel | T21: 0 | U21: 0 | Y21: https://marche.com.br/collections/mercearia/products/cafe-illy-grao-arabica-costa-rica-250g?store_id=66677604431 | Z21: https://cdn.shopify.com/s/files/1/0587/8487/4575/files/7c0ec52b-d878-4a4b-87e8-9248f67770e3.png?v=1757565687 | AA21: https://cdn.shopify.com/s/files/1/0587/8487/4575/files/7c0ec52b-d878-4a4b-87e8-9248f67770e3.png?v=1757565687
A22: 20026827 | B22: Cápsulas de Café Illy Descafeinado 18 Unidades | C22: Illy | E22: Mercearia | F22: Café | M22: 18 | S22: Disponivel | T22: 71.29 | U22: 71.29 | Y22: https://marche.com.br/collections/mercearia/products/capsulas-de-cafe-illy-descafeinado-18-unidades?store_id=66677604431 | Z22: https://cdn.shopify.com/s/files/1/0587/8487/4575/files/b35f59ff-12b6-4c39-b742-1467e1d6edf0.jpg?v=1757023721 | AA22: https://cdn.shopify.com/s/files/1/0587/8487/4575/files/b35f59ff-12b6-4c39-b742-1467e1d6edf0.jpg?v=1757023721
A23: 20060012 | B23: Café L'or Torrado e Moído Equilibrado Torras Gourmet Sachê 250g | C23: Lor | E23: Mercearia | F23: Café | O23: 250 | S23: Disponivel | T23: 30.49 | U23: 30.49 | Y23: https://marche.com.br/collections/mercearia/products/cafe-lor-eliquilibrado-torrado-moido-250g?store_id=66677604431 | Z23: https://cdn.shopify.com/s/files/1/0587/8487/4575/files/5e7c75ed-050c-4e70-a812-98955d07a4a8_b4239c32-575a-47c3-9d18-48798bfc3af2.png?v=1757026396 | AA23: https://cdn.shopify.com/s/files/1/0587/8487/4575/files/5e7c75ed-050c-4e70-a812-98955d07a4a8_b4239c32-575a-47c3-9d18-48798bfc3af2.png?v=1757026396
A24: 20073964 | B24: Café Illy em Grão Arábica Brasil 250g | C24: St. Marche | E24: Mercearia | F24: Café | O24: 250 | S24: Indisponivel | T24: 0 | U24: 0 | Y24: https://marche.com.br/collections/mercearia/products/cafe-illy-em-grao-arabica-brasil-250g?store_id=66677604431 | Z24: https://cdn.shopify.com/s/files/1/0587/8487/4575/files/e5c2cf3a-5ad5-4e28-8259-23e5862f7148.png?v=1757565704 | AA24: https://cdn.shopify.com/s/files/1/0587/8487/4575/files/e5c2cf3a-5ad5-4e28-8259-23e5862f7148.png?v=1757565704
A25: 20073965 | B25: Café Illy em Grão Arábica Etiopia 250g | C25: St. Marche | E25: Mercearia | F25: Café | O25: 250 | S25: Indisponivel | T25: 0 | U25: 0 | Y25: https://marche.com.br/collections/mercearia/products/cafe-illy-em-grao-arabica-etiopia-250g?store_id=66677604431 | Z25: https://cdn.shopify.com/s/files/1/0587/8487/4575/files/47c8bfed-ae15-4c8a-a0c1-fa22345a4435.png?v=1757565707 | AA25: https://cdn.shopify.com/s/files/1/0587/8487/4575/files/47c8bfed-ae15-4c8a-a0c1-fa22345a4435.png?v=1757565707
A26: 20069176 | B26: Café Solúvel Juan Valdez Clássico 95g | C26: St. Marche | E26: Mercearia | F26: Café | O26: 95 | S26: Indisponivel | T26: 0 | U26: 0 | Y26: https://marche.com.br/collections/mercearia/products/cafe-soluvel-juan-valdez-classico-95g?store_id=66677604431 | Z26: https://cdn.shopify.com/s/files/1/0587/8487/4575/files/8cd06032-ab4c-4f6c-a144-273bfc40992d.png?v=1761200755 | AA26: https://cdn.shopify.com/s/files/1/0587/8487/4575/files/8cd06032-ab4c-4f6c-a144-273bfc40992d.png?v=1761200755
A27: 20073918 | B27: Café Orfeu Grão Japy 250g | C27: Orfeu | E27: Mercearia | F27: Café | O27: 250 | S27: Indisponivel | T27: 0 | U27: 0 | Y27: https://marche.com.br/collections/mercearia/products/cafe-orfeu-grao-japy-250g?store_id=66677604431 | Z27: https://cdn.shopify.com/s/files/1/0587/8487/4575/files/97af7d18-4a55-4834-ac3c-968cc2db8b41.png?v=1757025746 | AA27: https://cdn.shopify.com/s/files/1/0587/8487/4575/files/97af7d18-4a55-4834-ac3c-968cc2db8b41.png?v=1757025746
A28: 20073955 | B28: Café Illy Grão Arábica Cerrado Mineiro 250g | C28: St. Marche | E28: Mercearia | F28: Café | O28: 250 | S28: Indisponivel | T28: 0 | U28: 0 | Y28: https://marche.com.br/collections/mercearia/products/cafe-illy-grao-arabica-cerrado-mineiro-250g?store_id=66677604431 | Z28: https://cdn.shopify.com/s/files/1/0587/8487/4575/files/c27363cf-82d2-4451-8a03-a9153e873359.png?v=1757565690 | AA28: https://cdn.shopify.com/s/files/1/0587/8487/4575/files/c27363cf-82d2-4451-8a03-a9153e873359.png?v=1757565690
A29: 20073967 | B29: Café Illy em Grão Arábica Colombia 250g | C29: St. Marche | E29: Mercearia | F29: Café | O29: 250 | S29: Indisponivel | T29: 0 | U29: 0 | Y29: https://marche.com.br/collections/mercearia/products/cafe-illy-em-grao-arabica-colombia-250g?store_id=66677604431 | Z29: https://cdn.shopify.com/s/files/1/0587/8487/4575/files/7d6ceaeb-b508-4e27-b895-13786288dda4.png?v=1757565712 | AA29: https://cdn.shopify.com/s/files/1/0587/8487/4575/files/7d6ceaeb-b508-4e27-b895-13786288dda4.png?v=1757565712
A30: 20073958 | B30: Café Illy em Pó Moído Arábica Colombia 125g | C30: St. Marche | E30: Mercearia | F30: Café | O30: 125 | S30: Indisponivel | T30: 0 | U30: 0 | Y30: https://marche.com.br/collections/mercearia/products/cafe-illy-em-po-moido-arabica-colombia-125g?store_id=66677604431 | Z30: https://cdn.shopify.com/s/files/1/0587/8487/4575/files/06c4c56b-5fec-40b0-8b56-5cfb36231e23.png?v=1757565696 | AA30: https://cdn.shopify.com/s/files/1/0587/8487/4575/files/06c4c56b-5fec-40b0-8b56-5cfb36231e23.png?v=1757565696
A31: 20073968 | B31: Café Illy em Pó Moído Filter Clássico 250g | C31: St. Marche | E31: Mercearia | F31: Café | O31: 250 | S31: Indisponivel | T31: 0 | U31: 0 | Y31: https://marche.com.br/collections/mercearia/products/cafe-illy-em-po-moido-filter-classico-250g?store_id=66677604431 | Z31: https://cdn.shopify.com/s/files/1/0587/8487/4575/files/d7d9bb8b-8527-476b-9c04-55346afbd289.png?v=1757565716 | AA31: https://cdn.shopify.com/s/files/1/0587/8487/4575/files/d7d9bb8b-8527-476b-9c04-55346afbd289.png?v=1757565716
A32: 20073966 | B32: Café Illy Grão Arábica Guatemala 250g | C32: St. Marche | E32: Mercearia | F32: Café | O32: 250 | S32: Indisponivel | T32: 0 | U32: 0 | Y32: https://marche.com.br/collections/mercearia/products/cafe-illy-grao-arabica-guatemala-250g?store_id=66677604431 | Z32: https://cdn.shopify.com/s/files/1/0587/8487/4575/files/dcd39902-7cf8-439a-a085-9595ed0e8631.png?v=1757565710 | AA32: https://cdn.shopify.com/s/files/1/0587/8487/4575/files/dcd39902-7cf8-439a-a085-9595ed0e8631.png?v=1757565710
A33: 20068302 | B33: Cápsulas de Café Dolce Gusto Starbucks House Blend com 10 Unidades | C33: Dolce gusto | E33: Mercearia | F33: Café | M33: 10 | S33: Indisponivel | T33: 0 | U33: 0 | Y33: https://marche.com.br/collections/mercearia/products/capsulas-de-cafe-dolce-gusto-starbucks-house-blend-com-10-unidades?store_id=66677604431 | Z33: https://cdn.shopify.com/s/files/1/0587/8487/4575/files/0d0c6cd3-8b8a-4d6b-b593-caa1ac3c5e68.jpg?v=1757109743 | AA33: https://cdn.shopify.com/s/files/1/0587/8487/4575/files/0d0c6cd3-8b8a-4d6b-b593-caa1ac3c5e68.jpg?v=1757109743
A34: 20076312 | B34: Café Villa Piva em Grãos Especial 1Kg | C34: Villa Piva | E34: Mercearia | F34: Café | O34: 1 | S34: Indisponivel | T34: 0 | U34: 0 | Y34: https://marche.com.br/collections/mercearia/products/cafe-villa-piva-em-graos-especial-1kg?store_id=66677604431 | Z34: https://cdn.shopify.com/s/files/1/0587/8487/4575/files/7176fb35-03a9-4498-bcc3-7cfd2697a6cc_7b4a68b7-ec1b-4930-a366-614d57856a13.png?v=1757026748 | AA34: https://cdn.shopify.com/s/files/1/0587/8487/4575/files/7176fb35-03a9-4498-bcc3-7cfd2697a6cc_7b4a68b7-ec1b-4930-a366-614d57856a13.png?v=1757026748
A35: 20012634 | B35: Café ORFEU Drip Coffee Intenso 100g | C35: Orfeu | E35: Mercearia | F35: Café | O35: 100 | S35: Indisponivel | T35: 0 | U35: 0 | Y35: https://marche.com.br/collections/mercearia/products/cafe-orfeu-drip-coffee-intenso-100g?store_id=66677604431 | Z35: https://cdn.shopify.com/s/files/1/0587/8487/4575/files/3cf3742d-355c-4918-b58d-c4bba9d39a07_c5c7d19d-97e3-4a40-b194-cc7a6ad22b27.png?v=1757031656 | AA35: https://cdn.shopify.com/s/files/1/0587/8487/4575/files/3cf3742d-355c-4918-b58d-c4bba9d39a07_c5c7d19d-97e3-4a40-b194-cc7a6ad22b27.png?v=1757031656
A36: 20078210 | B36: Cápsulas de Café Orfeu Nespresso Arara 20 Unidades | C36: St. Marche | E36: Mercearia | F36: Café | M36: 20 | S36: Indisponivel | T36: 0 | U36: 0 | Y36: https://marche.com.br/collections/mercearia/products/capsulas-de-cafe-orfeu-nespresso-arara-20-unidades?store_id=66677604431 | Z36: https://cdn.shopify.com/s/files/1/0587/8487/4575/files/20078210.png?v=1757022114 | AA36: https://cdn.shopify.com/s/files/1/0587/8487/4575/files/20078210.png?v=1757022114
A37: 20025595 | B37: Café Orgânico em Grãos Korin 500g | C37: St. Marche | E37: Mercearia | F37: Café | O37: 500 | S37: Indisponivel | T37: 0 | U37: 0 | Y37: https://marche.com.br/collections/mercearia/products/cafe-organico-em-graos-korin-500g?store_id=66677604431 | Z37: https://cdn.shopify.com/s/files/1/0587/8487/4575/files/9907761e-c5af-4e2e-ad98-2ea7f077a5f8.png?v=1758556834 | AA37: https://cdn.shopify.com/s/files/1/0587/8487/4575/files/9907761e-c5af-4e2e-ad98-2ea7f077a5f8.png?v=1758556834
A38: 20068299 | B38: Cápsulas de Café Dolce Gusto Neo Lungp Dark com 10 Unidades | C38: Dolce gusto | E38: Mercearia | F38: Café | M38: 10 | S38: Indisponivel | T38: 0 | U38: 0 | Y38: https://marche.com.br/collections/mercearia/products/capsulas-de-cafe-dolce-gusto-neo-lungp-dark-com-10-unidades?store_id=66677604431 | Z38: https://cdn.shopify.com/s/files/1/0587/8487/4575/files/6b454b19-8369-4070-8580-a9b29a9272ff.jpg?v=1757109724 | AA38: https://cdn.shopify.com/s/files/1/0587/8487/4575/files/6b454b19-8369-4070-8580-a9b29a9272ff.jpg?v=1757109724
A39: 20069977 | B39: Café Solúvel em Pó Espresso Equilibrado Nescafé Gold Sachê 40g | C39: Nescafé | E39: Mercearia | F39: Café | O39: 40 | S39: Indisponivel | T39: 0 | U39: 0 | Y39: https://marche.com.br/collections/mercearia/products/cafe-soluvel-em-po-espresso-equilibrado-nescafe-gold-sache-40g?store_id=66677604431 | Z39: https://cdn.shopify.com/s/files/1/0587/8487/4575/files/b646315f-7b1b-427c-8f21-446cbdbee8a0.jpg?v=1757026657 | AA39: https://cdn.shopify.com/s/files/1/0587/8487/4575/files/b646315f-7b1b-427c-8f21-446cbdbee8a0.jpg?v=1757026657
A40: 20055865 | B40: Cápsula de Café ORFEU Intenso Dolce Gusto 90g | C40: Orfeu | E40: Mercearia | F40: Café | O40: 90 | S40: Disponivel | T40: 32.49 | U40: 32.49 | Y40: https://marche.com.br/collections/mercearia/products/capsula-de-cafe-orfeu-intenso-dolce-gusto-90g?store_id=66677604431 | Z40: https://cdn.shopify.com/s/files/1/0587/8487/4575/files/199d5405-f03f-40ce-a239-0a0269199ffc.png?v=1757031694 | AA40: https://cdn.shopify.com/s/files/1/0587/8487/4575/files/199d5405-f03f-40ce-a239-0a0269199ffc.png?v=1757031694
A41: 20031287 | B41: Café em Cápsula L'or Torrado e Moído Lungo Espresso 52g 10 Unidades | C41: Lor | E41: Mercearia | F41: Café | M41: 10 | O41: 52 | S41: Disponivel | T41: 30.99 | U41: 30.99 | Y41: https://marche.com.br/collections/mercearia/products/capsulas-cafe-lor-estremo-10-unidades?store_id=66677604431 | Z41: https://cdn.shopify.com/s/files/1/0587/8487/4575/files/417c1996-54a5-4f90-9c89-62e40a42fea5.png?v=1757022726 | AA41: https://cdn.shopify.com/s/files/1/0587/8487/4575/files/417c1996-54a5-4f90-9c89-62e40a42fea5.png?v=1757022726
A42: 20073922 | B42: Cápsulas de Café Orfeu Bourbon Amarelo Com 20 Unidades | C42: Orfeu | E42: Mercearia | F42: Café | M42: 20 | S42: Indisponivel | T42: 0 | U42: 0 | Y42: https://marche.com.br/collections/mercearia/products/capsulas-de-cafe-orfeu-bourbon-amarelo-com-20-unidades?store_id=66677604431 | Z42: https://cdn.shopify.com/s/files/1/0587/8487/4575/files/20073922_91cba10b-cefc-4ede-ada5-3077e1e026df.png?v=1757033424 | AA42: https://cdn.shopify.com/s/files/1/0587/8487/4575/files/20073922_91cba10b-cefc-4ede-ada5-3077e1e026df.png?v=1757033424
A43: 20068300 | B43: Cápsulas de Café Dolce Gusto Neo Ristretto Intense com 10 Unidades | C43: Dolce gusto | E43: Mercearia | F43: Café | M43: 10 | S43: Indisponivel | T43: 0 | U43: 0 | Y43: https://marche.com.br/collections/mercearia/products/capsulas-de-cafe-dolce-gusto-neo-ristretto-intense-com-10-unidades?store_id=66677604431 | Z43: https://cdn.shopify.com/s/files/1/0587/8487/4575/files/91e706b3-f0d1-493a-9faa-1f3e795f9784_22d8926f-34d4-43ba-ab45-f5925dab724c.jpg?v=1757109731 | AA43: https://cdn.shopify.com/s/files/1/0587/8487/4575/files/91e706b3-f0d1-493a-9faa-1f3e795f9784_22d8926f-34d4-43ba-ab45-f5925dab724c.jpg?v=1757109731
A44: 20063958 | B44: Cápsulas de Café Baobá Especial Intenso 10 Unidades | C44: Baobá | E44: Mercearia | F44: Café | M44: 10 | S44: Disponivel | T44: 35.69 | U44: 35.69 | Y44: https://marche.com.br/collections/mercearia/products/capsulas-de-cafe-baoba-especial-intenso-10-unidades?store_id=66677604431 | Z44: https://cdn.shopify.com/s/files/1/0587/8487/4575/files/2424a9a8-3c06-4b97-a30f-1454abd2a3d1_367ef68a-aed3-415a-91aa-104b837a9671.png?v=1757033892 | AA44: https://cdn.shopify.com/s/files/1/0587/8487/4575/files/2424a9a8-3c06-4b97-a30f-1454abd2a3d1_367ef68a-aed3-415a-91aa-104b837a9671.png?v=1757033892
A45: 20073916 | B45: Café Orfeu Grão Acauã 250g | C45: Orfeu | E45: Mercearia | F45: Café | O45: 250 | S45: Indisponivel | T45: 0 | U45: 0 | Y45: https://marche.com.br/collections/mercearia/products/cafe-orfeu-grao-acaua-250g?store_id=66677604431 | Z45: https://cdn.shopify.com/s/files/1/0587/8487/4575/files/20073916_9f8fc93e-a645-42a2-a4fa-48947651112b.png?v=1757031716 | AA45: https://cdn.shopify.com/s/files/1/0587/8487/4575/files/20073916_9f8fc93e-a645-42a2-a4fa-48947651112b.png?v=1757031716
A46: 20031210 | B46: Café Torrado e Moído Orgânico ORFEU 250g | C46: Orfeu | E46: Mercearia | F46: Café | O46: 250 | S46: Indisponivel | T46: 0 | U46: 0 | Y46: https://marche.com.br/collections/mercearia/products/cafe-torrado-e-moido-organico-orfeu-250g?store_id=66677604431 | Z46: https://cdn.shopify.com/s/files/1/0587/8487/4575/files/5a8969c0-f380-44ce-9822-6383c0ddc345.jpg?v=1757024473 | AA46: https://cdn.shopify.com/s/files/1/0587/8487/4575/files/5a8969c0-f380-44ce-9822-6383c0ddc345.jpg?v=1757024473
A47: 20065851 | B47: Kit Café Casa Brasil Edição Limitada 250g | C47: St. Marche | E47: Mercearia | F47: Café | O47: 250 | S47: Indisponivel | T47: 0 | U47: 0 | Y47: https://marche.com.br/collections/mercearia/products/kit-cafe-casa-brasil-edicao-limitada-250g?store_id=66677604431 | Z47: https://cdn.shopify.com/s/files/1/0587/8487/4575/files/3aebe4fd-d193-447e-b38b-24648f706582.png?v=1760970638 | AA47: https://cdn.shopify.com/s/files/1/0587/8487/4575/files/3aebe4fd-d193-447e-b38b-24648f706582.png?v=1760970638
A48: 20078211 | B48: Cápsulas de Café Orfeu Nespresso Catucaí 10 Unidades | C48: St. Marche | E48: Mercearia | F48: Café | M48: 10 | S48: Disponivel | T48: 29.99 | U48: 29.99 | Y48: https://marche.com.br/collections/mercearia/products/capsulas-de-cafe-orfeu-nespresso-catucai-10-unidades?store_id=66677604431 | Z48: https://cdn.shopify.com/s/files/1/0587/8487/4575/files/20078211_019735c3-a2b1-40bc-9d39-2d6570017bef.png?v=1757023333 | AA48: https://cdn.shopify.com/s/files/1/0587/8487/4575/files/20078211_019735c3-a2b1-40bc-9d39-2d6570017bef.png?v=1757023333
A49: 20055866 | B49: Cápsula de Café ORFEU Bourbon Amarelo Dolce Gusto 90g | C49: Orfeu | E49: Mercearia | F49: Café | O49: 90 | S49: Indisponivel | T49: 0 | U49: 0 | Y49: https://marche.com.br/collections/mercearia/products/capsula-de-cafe-orfeu-bourbon-amarelo-dolce-gusto-90g?store_id=66677604431 | Z49: https://cdn.shopify.com/s/files/1/0587/8487/4575/files/b40410cc-0ba1-4b7c-be12-d65dd55d7cd0.png?v=1757032558 | AA49: https://cdn.shopify.com/s/files/1/0587/8487/4575/files/b40410cc-0ba1-4b7c-be12-d65dd55d7cd0.png?v=1757032558
A50: 20073917 | B50: Café Orfeu Grão Arara 250g | C50: Orfeu | E50: Mercearia | F50: Café | O50: 250 | S50: Indisponivel | T50: 0 | U50: 0 | Y50: https://marche.com.br/collections/mercearia/products/cafe-orfeu-grao-arara-250g?store_id=66677604431 | Z50: https://cdn.shopify.com/s/files/1/0587/8487/4575/files/20073917_0696d73f-cb52-48d8-a79b-082def01aee7.png?v=1757022468 | AA50: https://cdn.shopify.com/s/files/1/0587/8487/4575/files/20073917_0696d73f-cb52-48d8-a79b-082def01aee7.png?v=1757022468
A51: 20063957 | B51: Cápsulas de Café Baobá Especial Clássico 10 Unidades | C51: Baobá | E51: Mercearia | F51: Café | M51: 10 | S51: Disponivel | T51: 35.69 | U51: 35.69 | Y51: https://marche.com.br/collections/mercearia/products/capsulas-de-cafe-baoba-especial-classico-10-unidades?store_id=66677604431 | Z51: https://cdn.shopify.com/s/files/1/0587/8487/4575/files/331bf590-336f-45d9-bdda-6ada51efef3b.png?v=1757024322 | AA51: https://cdn.shopify.com/s/files/1/0587/8487/4575/files/331bf590-336f-45d9-bdda-6ada51efef3b.png?v=1757024322
A52: 20071626 | B52: Cápsula de Café Starbucks Caramel Macchiato com 10 Unidades 106,5g | C52: Starbucks | E52: Mercearia | F52: Café | M52: 10 | O52: 106.5 | S52: Indisponivel | T52: 0 | U52: 0 | Y52: https://marche.com.br/collections/mercearia/products/capsula-de-cafe-starbucks-caramel-macchiato-com-10-unidades-106-5g?store_id=66677604431 | Z52: https://cdn.shopify.com/s/files/1/0587/8487/4575/files/e66a6266-7ef9-4616-abe0-9be26199e564_334917a4-4cad-4a32-b80c-e667a73d5554.png?v=1757032034 | AA52: https://cdn.shopify.com/s/files/1/0587/8487/4575/files/e66a6266-7ef9-4616-abe0-9be26199e564_334917a4-4cad-4a32-b80c-e667a73d5554.png?v=1757032034
A53: 20064175 | B53: Café Cápsula Illy Intenso 120,6g | C53: Illy | E53: Mercearia | F53: Café | O53: 120.6 | S53: Indisponivel | T53: 0 | U53: 0 | Y53: https://marche.com.br/collections/mercearia/products/cafe-capsula-illy-intenso-120-6g?store_id=66677604431 | Z53: https://cdn.shopify.com/s/files/1/0587/8487/4575/files/8582b372-9023-4adc-ba19-e439e8276812.png?v=1757108819 | AA53: https://cdn.shopify.com/s/files/1/0587/8487/4575/files/8582b372-9023-4adc-ba19-e439e8276812.png?v=1757108819
A54: 20078477 | B54: Cápsulas de Café Nescafé Colombia 18 Unidades | C54: St. Marche | E54: Mercearia | F54: Café | M54: 18 | S54: Indisponivel | T54: 0 | U54: 0 | Y54: https://marche.com.br/collections/mercearia/products/capsulas-de-cafe-nescafe-colombia-18-unidades?store_id=66677604431 | Z54: https://cdn.shopify.com/s/files/1/0587/8487/4575/files/20078477.png?v=1757023947 | AA54: https://cdn.shopify.com/s/files/1/0587/8487/4575/files/20078477.png?v=1757023947
A55: 20075803 | B55: Café 3 Corações Torrado e Moído Rituais Frutas Vermelhas 250g | C55: 3 Corações | E55: Mercearia | F55: Café | N55: Vermelha | O55: 250 | S55: Disponivel | T55: 40.99 | U55: 40.99 | Y55: https://marche.com.br/collections/mercearia/products/cafe-3-coracoes-torrado-e-moido-rituais-frutas-vermelhas-250g?store_id=66677604431 | Z55: https://cdn.shopify.com/s/files/1/0587/8487/4575/files/e69bfcd0-a6cd-4d2a-8d59-1923fcb584f8.png?v=1757021945 | AA55: https://cdn.shopify.com/s/files/1/0587/8487/4575/files/e69bfcd0-a6cd-4d2a-8d59-1923fcb584f8.png?v=1757021945
A56: 20078479 | B56: Cápsulas de Café Nescafé 18 Unidades | C56: St. Marche | E56: Mercearia | F56: Café | M56: 18 | S56: Indisponivel | T56: 0 | U56: 0 | Y56: https://marche.com.br/collections/mercearia/products/capsulas-de-cafe-nescafe-18-unidades?store_id=66677604431 | Z56: https://cdn.shopify.com/s/files/1/0587/8487/4575/files/20078479_e4e0f705-0f1a-4166-bd90-5c7f76c3cfe9.png?v=1757032112 | AA56: https://cdn.shopify.com/s/files/1/0587/8487/4575/files/20078479_e4e0f705-0f1a-4166-bd90-5c7f76c3cfe9.png?v=1757032112
A57: 20078208 | B57: Cápsulas de Café Orfeu Nespresso Forte 20 Unidades | C57: St. Marche | E57: Mercearia | F57: Café | M57: 20 | S57: Disponivel | T57: 53.90 | U57: 53.90 | Y57: https://marche.com.br/collections/mercearia/products/capsulas-de-cafe-orfeu-nespresso-forte-20-unidades?store_id=66677604431 | Z57: https://cdn.shopify.com/s/files/1/0587/8487/4575/files/20078208.png?v=1757022397 | AA57: https://cdn.shopify.com/s/files/1/0587/8487/4575/files/20078208.png?v=1757022397
A58: 20032877 | B58: Café em Pó Illy Moído Descafeinado 125g | C58: St. Marche | E58: Mercearia | F58: Café | O58: 125 | S58: Indisponivel | T58: 0 | U58: 0 | Y58: https://marche.com.br/collections/mercearia/products/cafe-em-po-illy-moido-descafeinado-125g?store_id=66677604431 | Z58: https://cdn.shopify.com/s/files/1/0587/8487/4575/files/84321a88-4018-4b2d-99a9-ec5e5859de6e.png?v=1761174961 | AA58: https://cdn.shopify.com/s/files/1/0587/8487/4575/files/84321a88-4018-4b2d-99a9-ec5e5859de6e.png?v=1761174961
A59: 20078165 | B59: Cápsulas de Café Nescafé Classic Creamer Com 10 Unidades | C59: St. Marche | E59: Mercearia | F59: Café | M59: 10 | S59: Disponivel | T59: 29.59 | U59: 29.59 | Y59: https://marche.com.br/collections/mercearia/products/capsulas-de-cafe-nescafe-classic-creamer-com-10-unidades?store_id=66677604431 | Z59: https://cdn.shopify.com/s/files/1/0587/8487/4575/files/20078165_9dd71440-bfaf-4b13-8b0b-8c68408dfd71.png?v=1757024025 | AA59: https://cdn.shopify.com/s/files/1/0587/8487/4575/files/20078165_9dd71440-bfaf-4b13-8b0b-8c68408dfd71.png?v=1757024025
A60: 20071624 | B60: Cápsula de Café Starbucks Latte Macchiato com 10 Unidades 107,5g | C60: Starbucks | E60: Mercearia | F60: Café | M60: 10 | O60: 107.5 | S60: Indisponivel | T60: 0 | U60: 0 | Y60: https://marche.com.br/collections/mercearia/products/capsula-de-cafe-starbucks-latte-macchiato-com-10-unidades-107-5g?store_id=66677604431 | Z60: https://cdn.shopify.com/s/files/1/0587/8487/4575/files/021994b2-168e-42c4-bea9-90031a250294.png?v=1757022094 | AA60: https://cdn.shopify.com/s/files/1/0587/8487/4575/files/021994b2-168e-42c4-bea9-90031a250294.png?v=1757022094
A61: 20073925 | B61: Café Tenor Bravo Café Torrado em Grãos 500g | C61: Bravo Café | E61: Mercearia | F61: Café | O61: 500 | S61: Disponivel | T61: 47.90 | U61: 47.90 | Y61: https://marche.com.br/collections/mercearia/products/cafe-tenor-bravo-cafe-torrado-em-graos-500g?store_id=66677604431 | Z61: https://cdn.shopify.com/s/files/1/0587/8487/4575/files/20073925_8133e375-8436-4aa8-b70b-d2c3860c35a4.png?v=1757021700 | AA61: https://cdn.shopify.com/s/files/1/0587/8487/4575/files/20073925_8133e375-8436-4aa8-b70b-d2c3860c35a4.png?v=1757021700
A62: 20071623 | B62: Cápsula de Café Starbucks House Blend Americano com 10 Unidades 55g | C62: Starbucks | E62: Mercearia | F62: Café | M62: 10 | O62: 55 | S62: Indisponivel | T62: 0 | U62: 0 | Y62: https://marche.com.br/collections/mercearia/products/capsula-de-cafe-starbucks-house-blend-americano-com-10-unidades-55g?store_id=66677604431 | Z62: https://cdn.shopify.com/s/files/1/0587/8487/4575/files/8e129ac2-70fb-4dc5-908d-4ba409da17d0.png?v=1757029699 | AA62: https://cdn.shopify.com/s/files/1/0587/8487/4575/files/8e129ac2-70fb-4dc5-908d-4ba409da17d0.png?v=1757029699
A63: 20031444 | B63: Café em Cápsula Pilão Torrado e Moído Lungo Intenso 52g 10 Unidades | C63: Pilão | E63: Mercearia | F63: Café | M63: 10 | O63: 52 | S63: Disponivel | T63: 24.99 | U63: 24.99 | Y63: https://marche.com.br/collections/mercearia/products/cafe-espresso-pilao-capsulas-de-aluminio-lungo-08-com-10-unidades?store_id=66677604431 | Z63: https://cdn.shopify.com/s/files/1/0587/8487/4575/files/edad60b8-9e03-4122-8cbd-d3a1f9a0483b.jpg?v=1757023129 | AA63: https://cdn.shopify.com/s/files/1/0587/8487/4575/files/edad60b8-9e03-4122-8cbd-d3a1f9a0483b.jpg?v=1757023129
A64: 20016789 | B64: Cápsula de Café Orfeu Clássico 20 Unidades | C64: Orfeu | E64: Mercearia | F64: Café | M64: 20 | S64: Indisponivel | T64: 0 | U64: 0 | Y64: https://marche.com.br/collections/mercearia/products/capsula-de-cafe-orfeu-classico-20-unidades?store_id=66677604431 | Z64: https://cdn.shopify.com/s/files/1/0587/8487/4575/files/15c949ac-1a9f-4358-b415-e83c0d76fec0.png?v=1757026365 | AA64: https://cdn.shopify.com/s/files/1/0587/8487/4575/files/15c949ac-1a9f-4358-b415-e83c0d76fec0.png?v=1757026365
A65: 20076314 | B65: Café Villa Piva em Grãos Polinizado 250g | C65: Villa Piva | E65: Mercearia | F65: Café | O65: 250 | S65: Indisponivel | T65: 0 | U65: 0 | Y65: https://marche.com.br/collections/mercearia/products/cafe-villa-piva-em-graos-polinizado-250g?store_id=66677604431 | Z65: https://cdn.shopify.com/s/files/1/0587/8487/4575/files/a9fd051d-6705-45c0-b4e0-c5166867f4d5.png?v=1757024598 | AA65: https://cdn.shopify.com/s/files/1/0587/8487/4575/files/a9fd051d-6705-45c0-b4e0-c5166867f4d5.png?v=1757024598
A66: 20073957 | B66: Café Illy em Pé e Moído Arábica Guatemala 125g | C66: St. Marche | E66: Mercearia | F66: Café | O66: 125 | S66: Indisponivel | T66: 0 | U66: 0 | Y66: https://marche.com.br/collections/mercearia/products/cafe-illy-em-pe-e-moido-arabica-guatemala-125g?store_id=66677604431 | Z66: https://cdn.shopify.com/s/files/1/0587/8487/4575/files/859c11cd-bfa0-4122-8763-69efe241ef9e.png?v=1757565693 | AA66: https://cdn.shopify.com/s/files/1/0587/8487/4575/files/859c11cd-bfa0-4122-8763-69efe241ef9e.png?v=1757565693
A67: 20081841 | B67: Café Latitude 13 Chapada Diamantina Torrado em Grãos 500g | C67: St. Marche | E67: Mercearia | F67: Café | O67: 500 | S67: Indisponivel | T67: 0 | U67: 0 | Y67: https://marche.com.br/collections/mercearia/products/cafe-latitude-13-chapada-diamantina-torrado-em-graos-500g?store_id=66677604431 | Z67: https://cdn.shopify.com/s/files/1/0587/8487/4575/files/09b34442-9ca5-407c-b9d5-2239e833aa9b.png?v=1761233639 | AA67: https://cdn.shopify.com/s/files/1/0587/8487/4575/files/09b34442-9ca5-407c-b9d5-2239e833aa9b.png?v=1761233639
A68: 20069173 | B68: Café Moído Juan Valdez Cumbre 250g | C68: Juan Valdez | E68: Mercearia | F68: Café | O68: 250 | S68: Indisponivel | T68: 0 | U68: 0 | Y68: https://marche.com.br/collections/mercearia/products/cafe-moido-juan-valdez-cumbre-250g?store_id=66677604431 | Z68: https://cdn.shopify.com/s/files/1/0587/8487/4575/files/52cc6760-3592-4cdf-ae0e-96e420a5d017.png?v=1757109940 | AA68: https://cdn.shopify.com/s/files/1/0587/8487/4575/files/52cc6760-3592-4cdf-ae0e-96e420a5d017.png?v=1757109940
A69: 20062439 | B69: Café em Cápsula L'or Espresso Baunilha Caixa 52g 10 Unidades | C69: Lor | E69: Mercearia | F69: Café | M69: 10 | O69: 52 | S69: Disponivel | T69: 30.99 | U69: 30.99 | Y69: https://marche.com.br/collections/mercearia/products/capsula-de-cafe-lor-espresso-vanilla-com-10-unidades?store_id=66677604431 | Z69: https://cdn.shopify.com/s/files/1/0587/8487/4575/files/3124ef3a-09fa-4187-96c3-5c3ae4576302.jpg?v=1757022448 | AA69: https://cdn.shopify.com/s/files/1/0587/8487/4575/files/3124ef3a-09fa-4187-96c3-5c3ae4576302.jpg?v=1757022448
A70: 20078066 | B70: Café Solúvel L'or Último 84g | C70: St. Marche | E70: Mercearia | F70: Café | O70: 84 | S70: Disponivel | T70: 30.99 | U70: 30.99 | Y70: https://marche.com.br/collections/mercearia/products/cafe-soluvel-lor-ultimo-84g?store_id=66677604431 | Z70: https://cdn.shopify.com/s/files/1/0587/8487/4575/files/20078066.png?v=1757025503 | AA70: https://cdn.shopify.com/s/files/1/0587/8487/4575/files/20078066.png?v=1757025503
A71: 20063558 | B71: Café 3 Corações Portinari Florais 250g | C71: 3 Corações | E71: Mercearia | F71: Café | O71: 250 | S71: Disponivel | T71: 36.98 | U71: 36.98 | Y71: https://marche.com.br/collections/mercearia/products/cafe-3-coracoes-portinari-florais-250g?store_id=66677604431 | Z71: https://cdn.shopify.com/s/files/1/0587/8487/4575/files/24808c39-e200-4016-8cec-01baf4f6185e.png?v=1757024142 | AA71: https://cdn.shopify.com/s/files/1/0587/8487/4575/files/24808c39-e200-4016-8cec-01baf4f6185e.png?v=1757024142
A72: 20071622 | B72: Cápsula de Café Starbucks Espresso Roast com 10 Unidades 55g | C72: Starbucks | E72: Mercearia | F72: Café | M72: 10 | O72: 55 | S72: Indisponivel | T72: 0 | U72: 0 | Y72: https://marche.com.br/collections/mercearia/products/capsula-de-cafe-starbucks-espresso-roast-com-10-unidades-55g?store_id=66677604431 | Z72: https://cdn.shopify.com/s/files/1/0587/8487/4575/files/dbe5e0ab-44f4-40de-929f-080d8d3077cf_31126065-81af-4850-a05c-979c795d9ae7.png?v=1757026665 | AA72: https://cdn.shopify.com/s/files/1/0587/8487/4575/files/dbe5e0ab-44f4-40de-929f-080d8d3077cf_31126065-81af-4850-a05c-979c795d9ae7.png?v=1757026665
A73: 20073896 | B73: Cappuccino Lor Baunilha Sachê 20,3g | C73: Lor | E73: Mercearia | F73: Café | O73: 20.3 | S73: Disponivel | T73: 2.99 | U73: 2.99 | Y73: https://marche.com.br/collections/mercearia/products/cappuccino-lor-baunilha-8-unidades-162-4g?store_id=66677604431 | Z73: https://cdn.shopify.com/s/files/1/0587/8487/4575/files/2074cae8-de5b-475c-8a14-712981eb7e51.png?v=1758209417 | AA73: https://cdn.shopify.com/s/files/1/0587/8487/4575/files/2074cae8-de5b-475c-8a14-712981eb7e51.png?v=1758209417
A74: 20078064 | B74: Café Solúvel L'or Último Sachê 84g | C74: St. Marche | E74: Mercearia | F74: Café | O74: 84 | S74: Disponivel | T74: 13.90 | U74: 13.90 | Y74: https://marche.com.br/collections/mercearia/products/cafe-soluvel-lor-ultimo-sache-84g?store_id=66677604431 | Z74: https://cdn.shopify.com/s/files/1/0587/8487/4575/files/20078064_606d2553-4bd6-4b11-a915-7b0793de1056.png?v=1757033764 | AA74: https://cdn.shopify.com/s/files/1/0587/8487/4575/files/20078064_606d2553-4bd6-4b11-a915-7b0793de1056.png?v=1757033764
A75: 20064856 | B75: Cápsula Café Baggio Dolce Gusto Chocolate Avelã 85g | C75: Baggio | E75: Mercearia | F75: Café | O75: 85 | S75: Disponivel | T75: 25.89 | U75: 25.89 | Y75: https://marche.com.br/collections/mercearia/products/capsula-cafe-baggio-dolce-gusto-chocolate-avela-85g?store_id=66677604431 | Z75: https://cdn.shopify.com/s/files/1/0587/8487/4575/files/fab6d449-aef2-46ad-839a-ca070b1991a8.png?v=1757031612 | AA75: https://cdn.shopify.com/s/files/1/0587/8487/4575/files/fab6d449-aef2-46ad-839a-ca070b1991a8.png?v=1757031612
